player_name,tracker_id,solo_KillDeathRatio,solo_WinRatio,solo_TimeSurvived,solo_RoundsPlayed,solo_Wins,solo_WinTop10Ratio,solo_Top10s,solo_Top10Ratio,solo_Losses,solo_Rating,solo_BestRating,solo_DamagePg,solo_HeadshotKillsPg,solo_HealsPg,solo_KillsPg,solo_MoveDistancePg,solo_RevivesPg,solo_RoadKillsPg,solo_TeamKillsPg,solo_TimeSurvivedPg,solo_Top10sPg,solo_Kills,solo_Assists,solo_Suicides,solo_TeamKills,solo_HeadshotKills,solo_HeadshotKillRatio,solo_VehicleDestroys,solo_RoadKills,solo_DailyKills,solo_WeeklyKills,solo_RoundMostKills,solo_MaxKillStreaks,solo_WeaponAcquired,solo_Days,solo_LongestTimeSurvived,solo_MostSurvivalTime,solo_AvgSurvivalTime,solo_WinPoints,solo_WalkDistance,solo_RideDistance,solo_MoveDistance,solo_AvgWalkDistance,solo_AvgRideDistance,solo_LongestKill,solo_Heals,solo_Revives,solo_Boosts,solo_DamageDealt,solo_DBNOs,duo_KillDeathRatio,duo_WinRatio,duo_TimeSurvived,duo_RoundsPlayed,duo_Wins,duo_WinTop10Ratio,duo_Top10s,duo_Top10Ratio,duo_Losses,duo_Rating,duo_BestRating,duo_DamagePg,duo_HeadshotKillsPg,duo_HealsPg,duo_KillsPg,duo_MoveDistancePg,duo_RevivesPg,duo_RoadKillsPg,duo_TeamKillsPg,duo_TimeSurvivedPg,duo_Top10sPg,duo_Kills,duo_Assists,duo_Suicides,duo_TeamKills,duo_HeadshotKills,duo_HeadshotKillRatio,duo_VehicleDestroys,duo_RoadKills,duo_DailyKills,duo_WeeklyKills,duo_RoundMostKills,duo_MaxKillStreaks,duo_WeaponAcquired,duo_Days,duo_LongestTimeSurvived,duo_MostSurvivalTime,duo_AvgSurvivalTime,duo_WinPoints,duo_WalkDistance,duo_RideDistance,duo_MoveDistance,duo_AvgWalkDistance,duo_AvgRideDistance,duo_LongestKill,duo_Heals,duo_Revives,duo_Boosts,duo_DamageDealt,duo_DBNOs,squad_KillDeathRatio,squad_WinRatio,squad_TimeSurvived,squad_RoundsPlayed,squad_Wins,squad_WinTop10Ratio,squad_Top10s,squad_Top10Ratio,squad_Losses,squad_Rating,squad_BestRating,squad_DamagePg,squad_HeadshotKillsPg,squad_HealsPg,squad_KillsPg,squad_MoveDistancePg,squad_RevivesPg,squad_RoadKillsPg,squad_TeamKillsPg,squad_TimeSurvivedPg,squad_Top10sPg,squad_Kills,squad_Assists,squad_Suicides,squad_TeamKills,squad_HeadshotKills,squad_HeadshotKillRatio,squad_VehicleDestroys,squad_RoadKills,squad_DailyKills,squad_WeeklyKills,squad_RoundMostKills,squad_MaxKillStreaks,squad_WeaponAcquired,squad_Days,squad_LongestTimeSurvived,squad_MostSurvivalTime,squad_AvgSurvivalTime,squad_WinPoints,squad_WalkDistance,squad_RideDistance,squad_MoveDistance,squad_AvgWalkDistance,squad_AvgRideDistance,squad_LongestKill,squad_Heals,squad_Revives,squad_Boosts,squad_DamageDealt,squad_DBNOs
BreakNeck,4405,3.14,17.65,18469.14,17,3,0.83,4,23.5,14,1559.78,1415.79,255.36,0.65,1.94,2.59,3321.28,0,0,0,1086.42,0.24,44,1,0,0,11,0.25,0,0,13,19,13,1,0,14,1909.66,1909.66,1262.83,2425,28924.31,27537.53,56461.84,2202.4,2764.5,304.87,33,0,29,4341.06,0,6.5,33.33,21913.81,15,5,0.25,10,66.7,10,2054.7,1927.91,569.6,1.2,2.33,4.33,6387.27,0.13,0,0,1460.92,0.67,65,24,0,0,18,0.28,2,0,22,22,9,2,0,8,1902.92,1902.92,1194.21,2686,30604.31,65204.77,95809.08,1252.45,4744.35,401.45,35,2,43,8544.07,40,5.45,47.51,1064406.38,642,305,0.29,583,90.8,337,3212.25,3208.69,377.15,0.5,3.4,2.86,8091.57,0.36,0.04,0,1657.95,0.91,1836,892,1,3,319,0.17,56,24,34,274,11,5,0,46,2328.32,2328.32,1449.03,4868,1443195.59,3751590.99,5194786.58,2626.97,4372.64,536.98,2186,234,1884,242132.73,1448
Blackwalk,8199,4.41,18.18,33014.86,33,6,0.36,11,33.3,27,1884.53,1860.74,393.04,1.27,1.82,3.61,5021.41,0,0.06,0,1000.45,0.33,119,2,0,0,42,0.35,3,2,18,18,13,3,0,10,1987.94,1987.94,1221.32,3812,47868.77,117837.74,165706.51,2017.38,5188.69,351.95,60,0,88,12970.39,0,4.56,35.71,17765.43,14,5,0.36,7,50,9,2097.88,2061.61,338.88,1.07,1.93,2.93,6868.74,0.14,0,0.14,1268.96,0.5,41,16,1,2,15,0.37,1,0,2,2,9,2,0,9,2126.82,2126.82,1020.42,2763,29229.32,66933.08,96162.39,1483.98,4109.21,182.84,27,2,43,4744.32,23,5.73,46.81,1176986.52,722,338,0.58,640,88.6,384,3156.94,3170.75,373.68,0.61,2.83,3.05,8381.97,0.38,0.03,0,1630.18,0.89,2201,964,1,3,439,0.2,44,22,84,405,14,5,0,44,2192.81,2192.81,1570.51,4058,1755866.37,4295917.3,6051783.67,2422.48,6009.73,734.85,2041,276,2340,269795.75,1724
mercedes_benz,4454,3.6,0,4330.44,5,0,0,1,20,5,1255.92,1266.6,329.76,0.6,1,3.6,2804.8,0,0,0,866.09,0.2,18,1,0,0,3,0.17,0,0,1,18,10,1,0,4,1578.31,1578.31,1133.17,2061,6340.79,7683.2,14023.99,1375.7,3052.5,125.76,5,0,3,1648.82,0,6.55,35.29,23449.22,17,6,0.3,10,58.8,11,2119.67,2052.94,527.8,0.71,1.65,4.24,5839.7,0.12,0,0.06,1379.37,0.59,72,30,1,1,12,0.17,0,0,27,27,10,2,0,9,1890.24,1890.24,1369.22,2777,41541.12,57733.81,99274.93,3185.21,4049.19,354.19,28,2,42,8972.61,36,6.08,47.34,1166679.99,733,347,0.47,654,89.2,386,3170.41,3179.38,399.7,0.59,2.41,3.2,7625.66,0.29,0.03,0.01,1591.65,0.89,2348,965,2,9,434,0.18,61,23,65,382,17,4,0,48,2328.32,2328.32,1223.28,5929,1654344.11,3935265.63,5589608.74,1871.89,3011.87,725.44,1766,210,2193,292977.07,1897
DORA,7729,14,50,13421.82,8,4,0.67,6,75,4,1798.7,1765.13,751.95,0.5,1,7,5986.82,0,0,0,1677.73,0.75,56,3,0,0,4,0.07,0,0,8,48,14,2,0,5,1980.79,1980.79,1677.73,1484,17579.69,30314.83,47894.53,2197.46,3789.35,412.25,8,0,24,6015.57,0,8,66.67,4196.37,3,2,1,2,66.7,1,1557.9,1465.88,434.13,1,0.33,2.67,6206.07,0.33,0,0,1398.79,0.67,8,3,0,0,3,0.38,0,0,8,8,7,2,0,2,1857.97,1857.97,1398.79,1309,10296.21,8322,18618.21,3432.07,2774,192.89,1,1,6,1302.4,5,4.77,42.16,777611.9,491,207,0.49,426,86.8,284,3078.62,3098.77,368.85,0.37,2.47,2.76,7733.03,0.29,0.04,0.01,1583.73,0.87,1354,659,1,3,180,0.13,36,21,56,56,12,5,0,38,2192.31,2192.31,1583.73,2576,1057919,2738998,3796916,2154.62,5578.41,587.28,1214,142,1252,181106.9,1057
n2tstar,0,10.5,33.33,9841.04,6,2,0.4,5,83.3,4,1668.67,1616.58,637.48,1.5,2,7,6526.96,0,0,0,1640.17,0.83,42,0,0,0,9,0.21,0,0,15,29,13,3,0,2,1923.71,1923.71,1640.17,1384,16736.41,22425.36,39161.77,2789.4,3737.56,307.97,12,0,21,3824.89,0,5.03,25.71,142571.5,105,27,0.45,60,57.1,78,2362.55,2366.2,428.62,0.86,1.9,3.73,5662.43,0.25,0.02,0,1357.82,0.57,392,81,0,0,90,0.23,3,2,3,3,15,4,0,18,2160.98,2160.98,1357.82,1952,191882.3,402672.8,594555.1,1827.45,3834.98,362.7,199,26,235,45005.56,216,5.7,46.39,669326.9,416,193,0.53,363,87.3,223,3085.86,3092.78,384.69,0.62,2.99,3.05,7741.01,0.29,0.02,0.01,1608.96,0.87,1270,490,0,6,257,0.2,23,9,42,160,15,6,0,40,2328.32,2328.32,1608.96,2579,872965.4,2347295,3220260,2098.47,5642.54,546.1,1245,120,923,160029.8,1077
coldoxygen,33313,5.73,31.25,22003.22,16,5,0.5,10,62.5,11,2123.32,2097.35,411.95,0.69,1.38,3.94,5712.21,0,0,0,1375.2,0.62,63,2,0,0,11,0.17,1,0,4,4,10,2,0,11,1957.74,1957.74,1375.2,1757,31043.18,60352.12,91395.3,1940.2,3772.01,298.03,22,0,50,6591.15,0,2.94,14.67,83660.68,75,11,0.16,34,45.3,64,2226.39,2191.85,305.34,0.51,1.87,2.51,3983.75,0.25,0.01,0.01,1115.48,0.45,188,43,0,1,38,0.2,3,1,14,27,15,2,0,14,1955.56,1955.56,713.74,2845,137692.63,161088.2,298780.93,1056.2,1088.43,486.17,140,19,167,22900.24,111,3.65,32.1,1073647,729,234,0.4,580,79.6,495,3093.21,3107.17,327.35,0.44,2.78,2.48,6493.8,0.27,0.02,0,1472.77,0.8,1807,737,1,3,318,0.18,60,14,9,9,13,4,0,47,2193.07,2193.07,1472.77,2591,1515541,3218436,4733977,2078.93,4414.86,1212.76,2023,195,2307,238640,1450
Giken,15585,2.45,8.45,148051.25,142,12,0.18,34,23.9,130,2604.65,2632.23,284.57,0.64,1.94,2.24,4722.81,0,0.08,0.02,1042.61,0.24,318,32,3,3,91,0.29,10,12,12,76,11,4,0,38,2724.3,2724.3,1238.78,3162,201112.38,469525.85,670638.33,1939,5189.78,464.37,275,0,371,40409.57,0,3.46,23.31,241426.76,163,38,0.55,104,63.8,125,2589.46,2597.91,355.47,0.57,3.13,2.66,7097.9,0.23,0.02,0.02,1481.15,0.64,433,143,1,4,93,0.21,12,3,19,26,14,3,0,36,2188.91,2188.91,1362.62,3487,317879.26,839078.03,1156956.9,1770.29,4278.03,410.31,510,37,647,57940.86,254,3.49,33,600768.86,397,131,0.24,316,79.6,266,3053.11,3050.51,332.52,0.47,3.21,2.34,7262.21,0.34,0.01,0.01,1513.27,0.8,928,436,0,5,185,0.2,25,3,21,21,11,4,0,49,2183.76,2183.76,1209.58,4895,825676.33,2057423.12,2883099.31,1664.77,3022.51,564.2,1274,133,1320,132008.88,775
KoreaNo1,9454,2.71,26.32,26091.14,19,5,0.5,10,52.6,14,1993.43,1948.66,238.4,0.68,1.53,2,5028.11,0,0.11,0,1373.22,0.53,38,0,0,0,13,0.34,0,2,6,6,7,2,0,7,2093.71,2093.71,1373.22,1667,24132.11,71402.04,95534.14,1270.11,3758,260.01,29,0,55,4529.69,0,2.82,18.52,30337.46,27,5,0.45,11,40.7,22,1949.38,1971.82,288.64,0.26,2.26,2.3,3981.88,0.15,0,0,1123.61,0.41,62,20,0,0,7,0.11,1,0,2,18,8,2,0,9,1980.32,1980.32,1123.61,1609,33958.28,73552.54,107510.8,1257.71,2724.17,352.32,61,4,65,7793.35,34,2.75,30.32,1180700,775,235,0.37,643,83,540,3028,3040.07,260.21,0.34,2.84,1.92,6263.73,0.21,0.03,0.01,1523.48,0.83,1487,627,2,10,267,0.18,31,26,26,26,10,4,0,47,2193.35,2193.35,1523.48,2529,1267794,3586593,4854387,1635.86,4627.86,806.24,2199,163,1864,201659,1287
undor,24029,3.68,13.64,49282.41,44,6,0.23,13,29.5,38,2461.78,2462.37,339.44,1.02,1.52,3.18,3761.16,0,0.05,0,1120.05,0.3,140,5,0,0,45,0.32,1,2,13,32,11,2,0,21,2180.54,2180.54,651.93,3000,66660.75,98830.09,165490.88,830.48,1176.55,283.13,67,0,97,14935.28,0,3.16,13.64,23983.08,22,3,0.3,10,45.5,19,1990.98,2009.96,339.02,0.5,2.95,2.73,3911.32,0.09,0.05,0,1090.14,0.45,60,8,0,0,11,0.18,0,1,10,17,12,2,0,9,2187.54,2187.54,1090.14,1646,39639.19,46409.87,86049.06,1801.78,2109.54,235.7,65,2,59,7458.37,34,3.89,32.89,345208.3,225,74,0.41,179,79.6,151,3080.89,3068.3,357.77,0.36,2.74,2.61,6893.22,0.27,0.02,0.04,1534.26,0.8,588,255,0,10,80,0.14,13,4,40,186,12,4,0,24,2191.98,2191.98,1534.26,2577,496712.2,1054263,1550975,2207.61,4685.61,455.67,617,61,585,80498.73,513
Fordune,11289,4.17,25,10280.77,8,2,0.25,4,50,6,1550.87,1549.44,372.38,0.5,1.12,3.12,3910.41,0,0,0,1285.1,0.5,25,1,0,0,4,0.16,0,0,1,10,8,2,0,5,1900.1,1900.1,1259.94,2309,23650,7633.25,31283.25,3609.51,546.01,183.7,9,0,24,2979.04,0,4,17.65,17324.46,17,3,0.43,7,41.2,14,1704.17,1660.3,370.03,0.41,1.47,3.29,3190.38,0,0,0,1019.09,0.41,56,13,0,0,7,0.12,0,0,18,18,10,2,0,5,1972.37,1972.37,1019.09,1399,27742.32,26494.2,54236.52,1631.9,1558.48,277.85,25,0,42,6290.53,30,2.81,34.83,784914.7,491,171,0.2,421,85.7,320,3036.18,3039.56,251.68,0.3,2.69,1.83,8291.32,0.45,0.02,0.01,1598.6,0.86,900,585,1,3,147,0.16,46,9,32,32,10,4,0,40,2328.32,2328.32,1144.18,3549,1277130.96,2793909.91,4071039.87,1981.29,3635.28,546.95,1320,220,1338,123573.74,675
PandaTV-Tongk,142394,3.12,6.03,106330.23,116,7,0.36,24,20.7,109,2125.14,2084.28,325.38,0.81,1.38,2.93,2877.85,0,0,0,916.64,0.21,340,12,0,0,94,0.28,0,0,21,100,12,3,0,27,2185.73,2185.73,939.83,5394,219813.08,114017.81,333830.88,1986.97,1105.19,402.96,160,0,242,37744.5,0,3.79,11.46,95740.77,96,11,0.28,32,33.3,85,2286.7,2170.97,414.17,0.82,1.79,3.35,3760.61,0.21,0.02,0.03,997.3,0.33,322,86,3,3,79,0.25,5,2,55,96,15,3,0,24,2036.19,2036.19,983.76,3183,196910.78,164107.38,361018.3,1987.67,1727.87,581.06,172,20,223,39760.23,190,3.83,27.44,1206308.02,933,256,0.36,605,64.8,677,3073.72,3067.87,366.11,0.55,2.8,2.78,4553.95,0.37,0,0.02,1292.93,0.65,2592,1295,3,19,517,0.2,47,4,53,70,15,5,0,65,2197.47,2197.47,1146.75,7708,2453718.02,1795121.84,4248839.76,2191.49,2357.04,971.82,2616,341,2379,341578.55,2198
Benny-_-,16256,1.2,1.19,232995.54,335,4,0.06,33,9.9,331,2335.96,2410.55,144.5,0.24,1.21,1.18,2066.09,0,0.02,0.01,695.51,0.1,396,17,3,3,82,0.21,3,6,6,9,8,3,0,43,1959.43,1959.43,838.94,2934,313103.91,379037.02,692140.93,1276.77,1972.2,343.82,406,0,332,48406.91,0,1.35,3.19,226398.88,282,9,0.05,60,21.3,273,2128.36,2230.52,172.81,0.24,1.46,1.3,2546.09,0.19,0.02,0.02,802.83,0.21,368,74,3,5,69,0.19,7,5,5,19,11,3,0,35,2191.55,2191.55,726.25,3749,314380.9,403615.5,717996.4,1153,483.95,319.36,413,53,348,48731.29,232,1.64,18.5,851377.05,638,118,0.4,439,68.8,520,2994.5,3013.99,197.61,0.19,2.24,1.34,5112.27,0.29,0.01,0.01,1334.45,0.69,852,432,2,6,122,0.14,44,8,9,38,10,4,0,64,2190.49,2190.49,1115.25,6278,1037534.91,2224095.54,3261630.99,1442.27,2484.46,436.7,1431,186,1142,126076.78,752
PanDaTV_Karl,142401,4.46,10.34,91380.4,87,9,0.45,25,28.7,78,2172.29,2185.98,436.99,1.03,1.92,4,5350.69,0,0.14,0,1050.35,0.29,348,16,0,0,90,0.26,1,12,18,42,15,3,0,22,2022.69,2022.69,1022.25,3902,171399.74,294109.95,465509.69,1928.81,2707.02,601.15,167,0,238,38018.21,0,4.73,24.49,56376.59,49,12,0.52,18,36.7,37,2315.49,2339.9,441.51,0.76,1.98,3.57,5616.87,0.37,0.06,0,1150.54,0.37,175,49,0,0,37,0.21,0,3,39,77,13,4,0,16,1981.47,1981.47,1127.04,3150,89770.83,185455.73,275226.52,1765.04,3774.46,421.17,97,18,116,21633.76,105,4.62,27.42,1102487.73,828,227,0.35,548,66.2,601,3008.56,3004.57,402.14,0.65,3.22,3.35,4884.12,0.5,0.01,0.02,1331.51,0.66,2774,1190,3,16,535,0.19,63,12,58,110,17,4,0,59,2190.4,2190.4,972.83,7746,2165263.71,1878784.23,4044047.95,1815.85,1407.37,710.15,2667,417,2044,332970.41,2187
homeboye,46547,2.6,5.56,71910.46,72,4,0.06,20,27.8,68,2480.35,2462.69,290.98,0.5,1.58,2.46,3444.3,0,0.06,0.01,998.76,0.28,177,11,1,1,36,0.2,2,4,78,78,10,2,0,16,2033.95,2033.95,777.27,5086,90663.46,157326.08,247989.58,877.32,1368.98,228.39,114,0,131,20950.58,0,2.47,12.82,102923.82,78,10,0.41,37,47.4,68,2281.74,2288.37,262.97,0.31,2.05,2.15,5708.88,0.21,0,0,1319.54,0.47,168,32,0,0,24,0.14,6,0,26,26,11,3,0,17,1975.37,1975.37,1380.74,4135,116857.79,328434.75,445292.64,1385.27,3989.61,483.61,160,16,159,20511.27,84,2.22,27.52,626104.7,436,120,0.23,335,76.8,316,2971.3,3003.62,221.57,0.23,1.93,1.61,6391.94,0.27,0.01,0.01,1436.02,0.77,701,300,1,4,100,0.14,26,6,13,66,11,4,0,41,2172.75,2172.75,919.98,5837,722933.46,2063950.51,2786884.17,1256.33,1690.35,462.32,840,117,839,96604.62,553
YUPPIEE,4486,3.6,13.04,30996.86,23,3,0.67,7,30.4,20,1978,1958.15,327.68,1.13,1.65,3.13,4829.43,0,0,0,1347.69,0.3,72,1,0,0,26,0.36,0,0,9,17,7,2,0,16,1970.47,1970.47,1369.84,2740,48791.78,62285.05,111076.82,2176.29,4313.64,330.07,38,0,65,7536.64,0,3.08,21.48,186383.5,135,29,0.38,77,57,106,2324.07,2309.67,297.09,0.5,2.3,2.41,5745.99,0.15,0.01,0.01,1380.62,0.57,326,112,0,1,68,0.21,2,1,4,12,10,3,0,20,2186.89,2186.89,1380.62,1940,263667.8,512041,775708.8,1953.09,3792.9,386.47,310,20,318,40107.62,181,3.48,39.78,420718.59,269,107,0.56,233,86.6,162,2989.82,2987.12,242.85,0.29,2.62,2.09,7491.81,0.26,0.01,0,1564.01,0.87,563,262,0,1,79,0.14,18,4,23,23,9,4,0,34,2190.74,2190.74,1544.79,3789,623788.64,1391507.33,2015296.77,2354.22,5138.15,519.68,704,71,602,65327.24,436
Doomhammer,6931,5,33.33,3638.01,3,1,1,1,33.3,2,1315.49,1346.27,370.65,0.67,0.67,3.33,3343.21,0,0,0,1212.67,0.33,10,1,0,0,2,0.2,0,0,0,0,10,1,0,2,1878.16,1878.16,1212.67,1096,2841.64,7188.01,10029.64,947.21,2396,125.66,2,0,7,1111.94,0,4.55,28.57,36537.31,28,8,0.31,13,46.4,20,2151.07,2178.16,399.93,0.61,0.86,3.25,5197.92,0.07,0,0,1304.9,0.46,91,17,0,0,17,0.19,3,0,4,6,9,2,0,15,1972.66,1972.66,998.94,2801,40387.91,105153.78,145541.71,1318.88,2892.77,569.74,24,2,71,11198.13,43,4.86,44.41,517227.1,322,143,0.53,271,84.2,179,3011.01,3010.37,367.73,0.43,1.52,2.7,7772.73,0.39,0.03,0.02,1606.3,0.84,870,471,0,5,137,0.16,41,9,27,27,10,4,0,43,2185.65,2185.65,1606.3,2517,630552.1,1872267,2502820,1958.24,5814.5,1001.9,488,126,1044,118409.8,680
DinghisKhan,3833,3.35,23.03,246771.12,165,38,0.22,86,52.1,127,2840.73,2829.19,319.88,0.5,1.68,2.58,7336.99,0,0.1,0,1495.58,0.52,425,41,0,0,82,0.19,13,17,24,24,9,4,0,20,2195.87,2195.87,1034.83,3359,278988.7,931615.1,1210603.5,1223.54,2840.29,442.07,278,0,472,52780.42,0,4.87,33.33,87214.92,57,19,0.49,39,68.4,38,2599.04,2617.34,421,0.53,2.47,3.25,6552.22,0.26,0.02,0,1530.09,0.68,185,57,0,0,30,0.16,7,1,12,12,10,3,0,11,2016.95,2016.95,1530.09,2170,110050.6,263426.3,373476.8,1930.71,4621.51,363.62,141,15,181,23996.77,111,3.93,41,462896.69,300,123,0.26,239,79.7,177,3002.73,3005.95,336.78,0.35,3.11,2.32,6547.07,0.29,0.03,0.02,1542.99,0.8,695,387,1,6,104,0.15,21,8,11,11,12,4,0,26,2176.05,2176.05,1457.48,3513,650411.22,1313710.98,1964121.9,1717.99,5487.29,496.55,933,88,655,101034.3,606
YoonRoot,4404,5.06,18.46,87214.43,65,12,0.49,29,44.6,53,2331.6,2342.39,460.9,1.2,1.66,4.12,5780.64,0,0.11,0,1341.76,0.45,268,7,0,0,78,0.29,5,7,22,31,14,3,0,16,2173.68,2173.68,1460.38,3448,100044.87,275697.07,375741.9,1619.45,4658.91,372.23,108,0,248,29958.4,0,5.29,32.47,110738.7,77,25,0.52,48,62.3,52,2571.36,2590.82,452.81,0.99,1.91,3.57,6388.62,0.44,0.1,0.01,1438.16,0.62,275,77,1,1,76,0.28,6,8,9,9,16,4,0,16,2020.32,2020.32,1438.16,2141,142308.1,349615.5,491923.6,1848.16,4540.46,761.41,147,34,219,34866.6,155,4.5,35.21,398456.08,267,94,0.24,205,76.8,173,3032.74,3028.9,389.18,0.61,2.12,2.92,6409.82,0.45,0.01,0,1492.34,0.77,779,322,0,1,163,0.21,19,2,53,53,12,4,0,28,2193.25,2193.25,1288.8,3645,541037.06,1170384.39,1711422.05,1843.02,3272.59,610.58,566,120,650,103910.13,714
3N1GmA,19925,6.6,37.5,20927.23,16,6,0.86,7,43.8,10,2088.75,2091.43,422.42,1.69,1.25,4.12,4771.72,0,0.06,0,1307.95,0.44,66,4,0,0,27,0.41,3,1,27,27,10,1,0,6,1959.46,1959.46,1307.95,1730,34591.29,41756.23,76347.52,2161.96,2609.76,245.48,20,0,58,6758.8,0,3.31,21.5,139488.68,107,23,0.21,56,52.3,84,2469.75,2509.94,302.66,0.64,1.78,2.6,5611.92,0.31,0.03,0.01,1303.63,0.52,278,77,0,1,69,0.25,10,3,11,11,10,3,0,27,2188.9,2188.9,1086.67,3056,220449.82,380025.6,600475.43,1521.63,3594.61,396.52,190,33,314,32384.13,154,3.9,37.94,434329.2,282,107,0.45,240,85.1,175,2998.38,3003.62,285.93,0.48,2.21,2.42,7249.52,0.39,0.04,0.01,1540.17,0.85,682,301,0,4,135,0.2,27,12,18,119,11,4,0,32,2189.08,2189.08,1540.17,2506,614751.8,1429614,2044366,2179.97,5069.55,548.12,623,111,889,80631.02,516
synthtail,6455,2.49,4.44,45916.37,45,2,0.18,11,24.4,43,2216.46,2191.98,285.22,0.58,1.04,2.38,3559.85,0,0.02,0.04,1020.36,0.24,107,5,2,2,26,0.24,1,1,4,24,11,1,0,27,2117.69,2117.69,1020.36,1827,64516.89,95676.41,160193.3,1433.71,2126.14,344.96,47,0,81,12834.82,0,2.27,3.51,49441.72,57,2,0.14,14,24.6,55,2175.11,2158.06,294.55,0.37,1.61,2.19,3046.64,0.26,0,0,867.4,0.25,125,26,0,0,21,0.17,0,0,1,1,14,3,0,15,1978.24,1978.24,867.4,1800,77090.05,96568.23,173658.3,1352.46,1694.18,230.56,92,15,75,16789.39,75,2.39,17.91,779638.82,564,101,0.3,402,71.3,463,2988.21,3000.82,271.42,0.26,1.77,1.96,5574.19,0.3,0,0.01,1382.34,0.71,1108,524,2,8,144,0.13,31,2,19,53,12,4,0,56,2195.03,2195.03,1153.04,6327,1058601.85,2085239,3143840.85,1604.04,2581.89,453.66,997,172,940,153078.26,904
SevenWolf,11729,4.25,12.73,62763.42,55,7,0.36,17,30.9,48,2079.32,2059.69,381.97,0.98,2.67,3.71,3115.34,0,0.02,0.02,1141.15,0.31,204,6,1,1,54,0.26,4,1,30,84,13,2,0,20,2002.52,2002.52,1278.34,4507,89077.66,82265.82,171343.46,1898.15,1824.04,304.65,147,0,171,21008.36,0,3.04,6.86,101265.75,102,7,0.13,28,27.5,95,2193.72,2217.39,344.97,0.45,1.59,2.83,2665.95,0.2,0.02,0.06,992.8,0.27,289,27,2,6,46,0.16,5,2,13,34,13,3,0,26,2188.87,2188.87,1162.78,2866,136353.7,135573.18,271926.78,1740.19,1735.26,244.47,162,20,233,35186.76,181,2.7,18.56,859394.78,625,116,0.33,453,72.5,509,3007.67,3020.67,310.69,0.32,2.26,2.2,5496.64,0.26,0.04,0.04,1375.03,0.72,1376,486,7,23,203,0.15,64,27,64,64,11,5,0,47,2192.18,2192.18,1249.38,6256,1162386.43,2273010.51,3435396.93,1813.49,2815.27,627.89,1415,164,1663,194178.57,1195
FZTEAMLDS,196013,2.54,8.89,43124.07,45,4,0.5,8,17.8,41,2146.49,2140,260.27,0.78,1.18,2.31,3937.17,0,0.04,0.02,958.31,0.18,104,5,1,1,35,0.34,0,2,0,0,12,2,0,15,1964.54,1964.54,958.31,1764,60896.2,116276.6,177172.8,1353.25,2583.93,823.47,53,0,92,11712.06,0,2.67,6.98,257386.84,258,18,0.62,71,27.5,240,2235.69,2256.85,304.07,0.48,2.64,2.48,3564.44,0.21,0.01,0.03,997.62,0.28,641,136,2,7,124,0.19,17,3,38,40,14,4,0,32,1989.26,1989.26,1220.05,2944,410543.57,509082.65,919626.22,1599.94,1782.08,356.56,682,54,539,78451.19,333,2.18,10.72,617524.23,597,64,0.08,271,45.4,533,2944.33,2968.08,263.93,0.31,2.47,1.95,4094.55,0.22,0.01,0.03,1034.38,0.45,1163,304,3,16,186,0.16,39,4,54,212,20,7,0,47,2153.04,2153.04,890.7,4530,937349.13,1507097.71,2444447.65,1157.73,2703.27,398.14,1477,129,1031,157568.56,1020
1125,29218,5.17,33.33,11733.19,9,3,0.75,4,44.4,6,1678.51,1707.21,348.39,0.89,1.89,3.44,5745.61,0,0,0,1303.69,0.44,31,3,0,0,8,0.26,0,0,1,1,7,2,0,6,1868.57,1868.57,1303.69,1395,17467.97,34242.47,51710.45,1940.89,3804.72,250.69,17,0,32,3135.53,0,2.83,28.57,65897.49,42,12,0.4,30,71.4,30,2385.97,2386.12,279.35,0.45,2.12,2.02,7082.26,0.26,0.05,0,1568.99,0.71,85,24,0,0,19,0.22,0,2,6,16,6,2,0,16,2265.82,2265.82,1568.99,2003,97572.38,199882.6,297455,2323.15,4759.11,344,89,11,154,11732.64,48,1.74,16.6,671180.06,470,78,0.06,342,72.8,392,2961.81,2970.16,218.56,0.17,1.94,1.45,6481.81,0.24,0.03,0.02,1428.04,0.73,681,349,1,10,78,0.11,21,12,19,19,10,4,0,50,2189.88,2189.88,917.04,5581,926931.94,2119519.32,3046452.16,1146.27,2255.79,414.48,910,113,1330,102721.13,623
BombBurst,8040,3.58,14.29,18488.62,14,2,0.17,6,42.9,12,1825.93,1755.2,337.68,0.79,1,3.07,3194.48,0,0,0,1320.62,0.43,43,0,0,0,11,0.26,0,0,7,7,7,2,0,11,1937.58,1937.58,1117.64,2484,25146.81,19575.93,44722.74,1481.69,978.8,259.88,14,0,44,4727.51,0,2.7,7.32,100979.92,82,6,0.1,32,39,76,2156.02,2156.18,316.46,0.33,2.3,2.5,3181.35,0.16,0,0.02,1231.46,0.39,205,38,1,2,27,0.13,7,0,6,6,9,2,0,26,2065.33,2065.33,1206.63,2836,137253.91,123616.93,260870.93,1328.51,1715.96,375.12,189,13,209,25949.32,112,2.44,23,935394.11,626,144,0.52,499,79.7,482,2949.19,2948.91,287.07,0.24,2.38,1.88,4940.21,0.25,0,0.01,1494.24,0.8,1175,642,1,9,148,0.13,67,3,20,150,12,4,0,40,2185.97,2185.97,1558.28,3720,1216860.98,1875714.13,3092574.11,2065.64,2768.54,488.59,1493,158,1844,179706.08,978
SILPHTV,43458,4.52,17.33,331173.26,277,48,0.25,109,39.4,229,2928.09,2940.46,419.71,1.02,1.6,3.74,6059.62,0,0.09,0.01,1195.57,0.39,1035,68,2,2,283,0.27,21,26,52,372,18,4,0,39,2178.51,2178.51,964.91,4841,374698.62,1303816.39,1678515.27,1164.78,4095.67,441.08,443,0,853,116260.4,0,3.88,14.84,134397.22,128,19,0.22,43,33.6,109,2477.54,2509.35,407.86,0.79,2.38,3.3,4365.82,0.31,0.03,0.02,1049.98,0.34,423,102,2,3,101,0.24,12,4,11,43,14,3,0,18,2091.55,2091.55,624.38,3036,173180.25,385644.9,558825.15,812.65,1518.29,590.55,304,40,355,52205.91,241,2.88,13.2,253535.98,250,33,0.22,105,42,217,2827.89,2855.77,331.24,0.53,2.16,2.5,4604.71,0.22,0.02,0.04,1014.14,0.42,624,187,2,10,132,0.21,16,6,40,184,17,5,0,29,2153.4,2153.4,1302.44,4496,349731.28,801446.62,1151177.71,1721.97,4114.51,621.59,540,55,530,82809.09,573
SexyPIG,7513,5.16,23.77,397022.2,265,63,0.41,153,57.7,202,2956.5,2950.39,460.02,0.91,1.75,3.94,5907.92,0,0.06,0,1498.2,0.58,1043,65,0,0,240,0.23,30,17,11,59,14,3,0,33,2203.62,2203.62,1498.2,2460,438117.1,1127482,1565599,1653.27,4254.65,453.45,463,0,972,121904.2,0,5.07,22.12,143585.2,113,25,0.46,54,47.8,88,2509.26,2544.26,501.43,0.78,2.88,3.95,5738.1,0.34,0.04,0.02,1270.67,0.48,446,110,2,2,88,0.2,19,5,15,47,14,4,0,23,1984.99,1984.99,1270.67,2067,187134.1,461271.4,648405.4,1656.05,4082.05,376.59,326,38,375,56661.23,253,3.36,22.28,225528.1,184,41,0.43,96,52.2,143,2885.4,2905.59,374.22,0.49,3.16,2.61,5561.26,0.4,0.01,0.02,1225.7,0.52,481,203,1,3,91,0.19,14,2,24,165,16,5,0,28,2154.3,2154.3,1225.7,2384,295314.8,727957.3,1023272,1604.97,3956.29,476.38,582,73,478,68856.36,435
TOP_94,9142,2.12,5.19,87514.41,77,4,0.19,21,27.3,73,2512.27,2491.31,232.01,0.45,0.94,2.01,3119.74,0,0.03,0,1136.55,0.27,155,10,0,0,35,0.23,2,2,10,10,9,2,0,28,1958.89,1958.89,1136.55,2073,115915.3,124305,240220.3,1505.39,1614.35,514.2,72,0,143,17864.41,0,3.13,15.09,204864.65,159,24,0.65,79,49.7,135,2550.94,2553.64,307.02,0.46,1.47,2.66,4677.56,0.19,0.01,0.01,1288.46,0.5,423,110,1,2,73,0.17,6,1,20,20,13,4,0,26,2177.93,2177.93,1552.52,3232,302037.34,441694.09,743731.53,2165.53,3156.26,402.44,234,30,390,48816.2,228,2.39,21.61,722418.3,509,110,0.29,383,75.2,399,2953.92,2955.92,236.21,0.29,1.52,1.87,5458.25,0.32,0.03,0.02,1419.29,0.75,954,380,3,9,150,0.16,33,14,6,93,11,4,0,37,2187.95,2187.95,1419.29,2463,1044377,1733874,2778250,2051.82,3406.43,551.16,774,165,986,120229.3,764
zeggi,6180,2.39,5.77,53548.14,52,3,0.25,12,23.1,49,2348.9,2339.22,254.07,0.4,1.9,2.25,4375.19,0,0.08,0,1029.77,0.23,117,3,0,0,21,0.18,0,4,2,2,8,2,0,9,1989.69,1989.69,1029.77,1932,81850.3,145659.3,227509.7,1574.04,2801.14,368.18,99,0,136,13211.58,0,2,25,5775.07,4,1,0.33,3,75,3,1437.1,1425.96,296.81,0.75,1,1.5,7614.68,0,0,0,1443.77,0.75,6,4,0,0,3,0.5,1,0,0,0,6,2,0,2,1854.64,1854.64,1443.77,1206,7302.67,23156.07,30458.74,1825.67,5789.02,310.29,4,0,14,1187.24,5,1.82,17.98,940833.1,673,121,0.25,477,70.9,552,2936.66,2946.98,227.71,0.22,2.42,1.5,6879.96,0.24,0.05,0.03,1397.97,0.71,1007,418,4,17,147,0.15,51,32,3,3,9,4,0,43,2201.7,2201.7,1397.97,2454,1280425,3349789,4630213,1902.56,4977.4,568.95,1628,164,2146,153249.3,958
baoli6666666,212886,2,5.36,47966.09,56,3,0.38,8,14.3,53,2083.4,2087.89,218.11,0.45,1.57,1.89,2451.11,0,0.11,0.02,856.54,0.14,106,6,1,1,25,0.24,1,6,10,10,10,3,0,12,1937.81,1937.81,856.54,1695,67438.59,69823.86,137262.4,1204.26,1246.86,277.18,88,0,76,12214.28,0,1.75,3.73,123041.68,134,5,0.09,28,20.9,129,1812.65,1999.95,222.52,0.28,1.8,1.69,2490.57,0.18,0.01,0.01,918.22,0.21,226,41,1,1,38,0.17,0,1,12,12,11,2,0,17,2157.98,2157.98,1340,2535,143605.17,190131.1,333736.38,1262.18,714.78,336.77,241,24,179,29817.12,149,1.94,13.32,1203269.26,946,126,0.1,546,57.7,820,2922.48,2945.17,229.97,0.26,2.46,1.68,4286.69,0.35,0.01,0.01,1271.95,0.58,1594,636,4,11,242,0.15,31,8,38,38,10,4,0,61,2192.47,2192.47,1023.25,5993,1762202.18,2293005.55,4055207.72,1509.09,1695.75,518.17,2325,332,1889,217549.35,1353
Toadoo1,51329,2.3,9.09,25094.18,22,2,0.33,6,27.3,20,1748.67,1741.86,241.88,0.23,1.27,2.09,4568.36,0,0,0.05,1140.64,0.27,46,2,1,1,5,0.11,1,0,2,2,9,2,0,12,2062.58,2062.58,1140.64,1451,28955.14,71548.86,100504,1316.14,3252.22,240.75,28,0,30,5321.45,0,2.14,22.22,10593.34,9,2,0.5,4,44.4,7,1551.88,1556.57,262.49,0.44,1.67,1.67,3786.6,0.11,0,0,1177.04,0.44,15,4,0,0,4,0.27,0,0,2,2,5,2,0,3,2029.77,2029.77,1177.04,1307,14261.89,19817.53,34079.42,1584.66,2201.95,278.47,15,1,14,2362.38,11,1.82,19.06,803731.3,577,110,0.27,411,71.2,467,2979.39,2977.45,221.51,0.27,2.97,1.47,6239.35,0.23,0.01,0.01,1392.95,0.71,851,356,0,6,155,0.18,28,4,24,24,9,3,0,44,2188.1,2188.1,1392.95,2493,1033153,2566954,3600107,1790.56,4448.79,443.3,1714,134,948,127812.5,786
ESPOIR,5118,3.45,15.38,17399.92,13,2,0.31,6,46.2,11,1545.78,1526.55,341.3,0.31,2.23,2.92,5306.28,0,0.08,0,1338.46,0.46,38,4,0,0,4,0.11,1,1,11,11,6,2,0,9,1945.14,1945.14,1537.86,4465,25199.94,43781.74,68981.67,2316.86,4084.91,258.24,29,0,38,4436.86,0,1.92,8.57,87271.15,70,6,0.1,32,45.7,64,2283.58,2306.03,224.31,0.34,1.87,1.76,5177.85,0.16,0.01,0.03,1246.73,0.46,123,30,1,2,24,0.2,2,1,16,25,9,2,0,11,2060.12,2060.12,1444.13,2942,120095.62,242353.73,362449.35,1855.23,4050.12,338.71,131,11,115,15701.6,75,2.27,23.89,272500.26,180,43,0.15,144,80,137,2942.58,2944.23,237.94,0.29,2.24,1.73,6226.76,0.28,0.01,0,1513.89,0.8,311,162,0,0,53,0.17,15,1,13,51,8,4,0,23,1988.51,1988.51,1399.76,3484,416422.48,704395.52,1120817.6,1916.63,5121.43,474.21,404,51,369,42829.13,257
SuPoo,108625,2.79,7.69,28584.16,26,2,0.25,8,30.8,24,2030.6,2034.3,280.21,0.46,1.35,2.58,2366.69,0,0,0,1099.39,0.31,67,2,0,0,12,0.18,0,0,3,6,8,2,0,16,1996.08,1996.08,1099.39,1661,33483.94,28049.88,61533.83,1287.84,1078.84,246.1,35,0,45,7285.47,0,2.01,10.62,346865.11,320,34,0.1,117,36.6,286,2245.07,2283.86,223.6,0.32,1.35,1.8,3169.04,0.24,0.02,0.02,1083.95,0.37,575,171,2,5,102,0.18,11,5,0,35,9,3,0,38,2180.14,2180.14,691.69,3857,452256.99,561835.64,1014093.23,818.47,1505.95,340.17,431,78,616,71553.19,310,1.92,16.29,552287.69,442,72,0.23,271,61.3,370,2946.95,2954.83,226.67,0.21,1.52,1.6,5040.18,0.27,0.01,0.01,1249.52,0.61,709,302,1,6,94,0.13,27,5,12,12,10,4,0,42,2190.53,2190.53,993.71,5759,754142.36,1473617.36,2227760.32,1169.1,3039.56,493.66,670,121,900,100189.89,588
TwitchTV_SADO,85012,2.99,16.24,389582.9,271,44,0.32,136,50.2,227,2810.46,2864.82,292.18,0.71,2.67,2.5,5500.3,0,0.07,0,1437.58,0.5,678,48,0,0,192,0.28,10,19,7,7,9,3,0,27,2189.58,2189.58,1437.58,2338,562883.3,927698.5,1490582,2077.06,3423.24,311.1,724,0,1104,79180.49,0,3.4,36.71,113552.2,79,29,0.58,50,63.3,50,2585.6,2603.93,271.93,0.46,3.28,2.15,6680.92,0.23,0.01,0,1437.37,0.63,170,66,0,0,36,0.21,3,1,5,39,8,2,0,11,2032.44,2032.44,1437.37,2173,164745,363048,527793,2085.38,4595.54,412.6,259,18,282,21482.18,88,3.2,32.72,242631.5,162,53,0.41,129,79.6,109,2993.89,3002.31,312.32,0.48,3.21,2.15,7192.17,0.31,0.02,0.01,1497.73,0.8,349,146,0,1,77,0.22,10,4,28,188,8,4,0,16,2110.62,2110.62,1497.72,2505,341336.6,823794.4,1165131,2107.02,5085.15,460.87,520,51,510,50595.89,304
cn_NEO,6603,4.03,11.43,35418.8,35,4,0.44,9,25.7,31,2329.02,2342.47,384.65,0.6,1.8,3.57,3465.03,0,0.17,0.03,1011.97,0.26,125,8,1,1,21,0.17,1,6,0,31,13,6,0,10,1949.52,1949.52,1011.97,1916,59629.5,61646.5,121276,1703.7,1761.33,239.78,63,0,61,13462.66,0,4.17,36.84,27784.41,19,7,0.58,12,63.2,12,1957.84,1946.19,354.44,0.26,2.11,2.63,5544.82,0.11,0,0,1462.34,0.63,50,9,0,0,5,0.1,2,0,13,13,8,2,0,6,1981.94,1981.94,1462.34,1642,39553.45,65798.07,105351.5,2081.76,3463.06,283.8,40,2,40,6734.44,28,2.2,21.17,933143.06,647,137,0.14,498,77,510,2945.69,2957.62,241.77,0.27,2.19,1.73,6194.79,0.34,0.03,0.01,1442.26,0.77,1121,557,3,7,175,0.16,43,19,19,19,14,4,0,46,2185.6,2185.6,1012.97,3463,1170871.67,2837155,4008026.67,1236.57,2195.94,385.89,1415,220,1455,156426,944
Curious_ow,131513,8,36.36,16926.01,11,4,0.57,7,63.6,7,1911.58,1898.1,487.82,0.91,1.36,5.09,6890.9,0,0,0,1538.73,0.64,56,1,0,0,10,0.18,0,0,3,12,12,2,0,6,1964.63,1964.63,1538.73,1586,19361.14,56438.81,75799.95,1760.1,5130.8,271.26,15,0,50,5365.97,0,7.09,35.29,22944.88,17,6,0.6,10,58.8,11,2095.7,2108.73,492.99,0.88,3.12,4.59,4959.31,0.18,0,0,1349.7,0.59,78,19,0,0,15,0.19,3,0,0,38,17,2,0,6,2097.56,2097.56,1349.7,1717,28296.93,56011.41,84308.34,1664.53,3294.79,307,53,3,68,8380.8,31,5.52,39.13,217126.59,138,54,0.23,119,86.2,84,3013.02,3011.65,408.45,0.46,3.04,3.36,7307.77,0.36,0.01,0.01,1573.38,0.86,464,199,1,1,63,0.14,15,2,32,32,18,4,0,15,1983.73,1983.73,1466.17,3535,300927.73,707544.23,1008471.96,1764.84,6764.24,440.56,420,50,466,56365.65,344
PanDaTV652714,162887,3.55,5.56,41927.88,54,3,0.19,8,14.8,51,2154.31,2148.04,364.32,0.8,0.72,3.35,2035.04,0,0.02,0.04,776.44,0.15,181,6,2,2,43,0.24,0,1,7,10,16,2,0,22,2190.65,2190.65,632.44,2679,58224.54,51667.41,109891.94,650.62,516.67,410.23,39,0,95,19673.14,0,4.37,11.83,100419.28,93,11,0.44,34,36.6,82,2187.75,2193.64,438.52,0.78,1.45,3.85,3026.6,0.23,0,0.02,1079.78,0.37,358,51,1,2,73,0.2,5,0,53,132,17,4,0,25,1969.55,1969.55,1139.91,4445,133976.91,147496.57,281473.53,1542.28,1733.38,805.02,135,21,194,40782.39,209,3.65,17.34,669639.64,617,107,0.52,316,51.2,510,2976.31,2971.08,386.45,0.54,1.99,3.02,3405.8,0.37,0.01,0.03,1085.32,0.51,1862,632,8,21,336,0.18,29,5,162,169,14,4,0,48,2190.78,2190.78,1010.77,7933,1039095.23,1062285.2,2101380.47,1585.34,1284.74,421.27,1225,229,1351,238440.55,1685
Se7en_700,200738,5.63,16.33,56649.72,49,8,0.47,17,34.7,41,2586.51,2529.46,507.62,1.98,1.1,4.71,2574.32,0,0,0,1156.12,0.35,231,4,0,0,97,0.42,1,0,28,43,20,2,0,15,2174.24,2174.24,1156.12,2125,95443.98,30697.76,126141.8,1947.84,626.48,392.67,54,0,153,24873.46,0,5.64,31.15,76981.04,61,19,0.66,29,47.5,42,2306.57,2259.57,392.22,1.2,1.59,3.89,3825.26,0.18,0.03,0.03,1261.98,0.48,237,51,0,2,73,0.31,2,2,30,32,18,3,0,16,2051.66,2051.66,1261.98,1892,118095.9,115244.7,233340.6,1936,1889.26,396.8,97,11,162,23925.7,112,2.35,16.06,533457.64,411,66,0.12,271,65.9,345,2930.56,2929.95,259.76,0.45,2.4,1.97,4020.07,0.28,0,0.02,1297.95,0.66,810,272,3,7,186,0.23,14,2,54,143,13,4,0,40,2176.72,2176.72,1351.67,3495,774079.48,878171.18,1652250.77,1992.43,1268.85,516.15,987,114,879,106760.71,687
AKfun,196291,1.83,3.85,95015.29,130,5,0.23,13,10,125,2184.91,2211.85,196.16,0.32,1.34,1.76,2184.76,0,0,0,730.89,0.1,229,11,0,0,41,0.18,0,0,2,3,11,2,0,34,2008.06,2008.06,540.41,4013,146445.06,137573.39,284018.43,810.88,712.34,434.05,174,0,136,25501.32,0,2.07,5.84,229039.07,257,15,0.2,66,25.7,242,2157.83,2170.95,246.9,0.44,1.82,1.95,2758.24,0.23,0.02,0.03,891.2,0.26,502,103,1,8,114,0.23,9,4,22,97,12,3,0,43,1994.58,1994.58,843.62,5517,323846.69,385019.98,708866.77,1251.83,1401.94,336.91,467,60,310,63454.51,317,2,9.7,696209.67,639,62,0.23,309,48.4,577,2876.42,2922.21,226.8,0.35,2.32,1.8,3763.62,0.3,0,0.03,1089.53,0.48,1152,343,1,22,225,0.2,21,3,59,175,11,4,0,57,2173.33,2173.33,1122.55,5308,1058115.72,1346839.47,2404955.35,1771.32,2047.53,409.09,1480,194,942,144927.7,974
Romance_,6108,4.16,9.52,26420.49,21,2,0.22,9,42.9,19,1986.09,1943.89,382.89,1.05,1.9,3.76,4641.48,0,0.1,0,1258.12,0.43,79,2,0,0,22,0.28,1,2,1,1,11,2,0,7,2183.06,2183.06,1258.12,1619,33611.74,63859.44,97471.18,1600.56,3040.93,292.78,40,0,86,8040.75,0,3.07,12.12,44700.86,33,4,0.13,16,48.5,29,1913.9,1836.5,326.63,0.39,4.33,2.7,5557.81,0.09,0,0,1354.57,0.48,89,35,0,0,13,0.15,0,0,16,16,8,3,0,9,2027.28,2027.28,1573.99,2640,68799.98,114607.64,183407.57,2256.21,2742.85,344.7,143,3,126,10778.9,46,2.4,21.45,379129.07,289,62,0.26,202,69.9,227,2951.46,2952.44,261.32,0.28,3.1,1.88,5492.49,0.37,0.02,0.01,1311.87,0.7,544,227,0,3,81,0.15,32,7,32,32,13,4,0,35,2190.54,2190.54,1265.3,3778,569566.99,1017763.31,1587330.2,1794,3436.71,385.56,895,106,691,75521,478
Dongwonchamchi,84821,2.66,8.57,41423.49,35,3,0.27,11,31.4,32,2107.18,1989.06,284.64,0.77,1.51,2.43,4635.8,0,0,0.06,1183.53,0.31,85,6,2,2,27,0.32,1,0,3,4,9,4,0,18,2050.7,2050.7,1183.53,1748,73533.46,88719.41,162252.9,2100.96,2534.84,275.94,53,0,81,9962.37,0,2.96,10.71,60862,56,6,0.32,19,33.9,50,2113.44,2117.34,288.18,0.84,2.23,2.64,4473.92,0.18,0,0,1086.82,0.34,148,32,0,0,47,0.32,3,0,7,7,11,3,0,15,2064.26,2064.26,1086.82,1738,99679.16,150860.2,250539.4,1779.98,2693.93,390.86,125,10,120,16138.16,80,2.08,15.12,1228174.96,926,140,0.11,628,67.8,786,2910.87,2934.58,240.91,0.33,2.18,1.77,6129.34,0.3,0.02,0.01,1326.32,0.68,1636,590,2,12,309,0.19,68,14,14,14,13,5,0,48,2201.7,2201.7,786.23,3433,1820130.85,3855641,5675771.85,1134.62,2084.13,481.03,2021,279,2359,223078.06,1385
TheHell,9339,4.35,18.15,347879.18,270,49,0.38,117,43.3,221,2787.66,2859.93,403.4,0.98,1.98,3.56,6268.49,0,0.07,0.01,1288.44,0.43,961,54,2,2,264,0.27,36,18,76,76,18,3,0,36,2186.12,2186.12,1128.54,3460,386177.84,1306314.44,1692491.98,1404.24,3552.06,460.84,535,0,1094,108917.23,0,4.77,24.28,310574.15,243,59,0.25,120,49.4,184,2607.04,2620.54,429.28,0.93,2.51,3.61,6339.56,0.29,0.09,0.02,1278.08,0.49,877,205,3,4,225,0.26,35,21,46,46,16,4,0,32,2191.3,2191.3,803.69,3141,408606.15,1131907,1540512.85,956.19,2338.65,355.85,610,71,927,104314.82,499,4.66,30.04,369818.5,273,82,0.57,176,64.5,191,2928.82,2937.68,395.96,0.79,3.66,3.26,6616.44,0.3,0.04,0.01,1354.65,0.64,890,326,2,4,215,0.24,26,11,76,76,16,4,0,37,2184.22,2184.22,1490.96,5380,553913.5,1252375.76,1806289.46,2207.47,5409.76,578.69,1000,82,934,108097.31,743
BDBDBB,150672,10.75,50,10909.85,8,4,0.8,5,62.5,4,1793.21,1816.26,494.12,2.12,2.38,5.38,4676.02,0,0,0,1363.73,0.62,43,0,0,0,17,0.4,0,0,0,0,13,2,0,6,1964.71,1964.71,1363.73,1498,14331.88,23076.25,37408.13,1791.49,2884.53,392.33,19,0,25,3952.99,0,2.5,5.56,117261.6,108,6,0.18,34,31.5,102,2224.73,2267.41,318.73,0.5,1.64,2.36,4654.48,0.17,0.05,0.02,1085.76,0.31,255,41,1,2,54,0.21,6,5,8,8,13,4,0,19,1993.04,1993.04,1085.76,1844,169026,333658.3,502684.3,1565.06,3089.43,393.82,177,18,171,34422.86,181,2.12,10.49,665897.1,553,58,0.19,306,55.3,495,2919.74,2925.13,254.41,0.29,1.81,1.89,5043.34,0.42,0.01,0.01,1204.15,0.55,1047,326,0,3,160,0.15,19,4,18,18,11,4,0,41,2189.98,2189.98,1204.15,2432,979454.3,1809510,2788965,1771.16,3272.17,1630.95,1002,230,812,140689,914
ChangJin,7997,3.67,25,9031.35,8,2,0.67,3,37.5,6,1501.2,1445.82,282.04,1.38,0.62,2.75,4253.9,0,0.25,0,1128.92,0.38,22,0,0,0,11,0.5,0,2,3,15,12,2,0,6,1930.09,1930.09,1128.92,1262,9072.13,24959.11,34031.24,1134.02,3119.89,250.52,5,0,14,2256.29,0,3.08,7.69,42240.04,39,3,0.21,14,35.9,36,1814.08,1801.9,332.23,0.54,2.08,2.85,3490.84,0.41,0.03,0,1083.08,0.36,111,16,0,0,21,0.19,3,1,3,3,13,4,0,14,1963.58,1963.58,1083.08,1480,71863.34,64279.33,136142.7,1842.65,1648.19,267.35,81,16,79,12957.16,66,3.1,21.58,1004748.13,709,153,0.69,537,75.7,556,2920.46,2958.65,337.59,0.34,2.29,2.43,6310.28,0.37,0.06,0.02,1417.13,0.76,1725,608,5,13,244,0.14,50,41,10,66,18,4,0,47,2191.98,2191.98,1217.24,4757,1305510.23,3168475.69,4473985.92,1663.27,3470.72,453.74,1624,260,1799,239352.05,1565
CraXlayer,72040,2.1,7.69,57939.1,52,4,0.07,16,30.8,48,2264.23,2277.54,223.8,0.21,1.6,1.94,4153.36,0,0.02,0.04,1114.21,0.31,101,8,2,2,11,0.11,4,1,8,8,9,2,0,24,1961,1961,1155.95,4972,61960.13,154014.38,215974.52,1209.98,3582.72,300.23,83,0,114,11637.86,0,1.63,6.6,109911.46,106,7,0.07,35,33,99,2276.84,2262.8,176.35,0.14,1.27,1.52,3544.29,0.12,0.06,0,1036.9,0.33,161,38,0,0,15,0.09,3,6,12,17,9,2,0,29,2089.55,2089.55,654.32,3908,142116.85,233577.64,375694.48,924.35,1337.6,308.56,135,13,197,18693.59,90,1.48,13.19,919291.49,781,103,0.24,437,56,678,2974.68,2977.69,164.78,0.15,2.1,1.29,4248.34,0.32,0.01,0.01,1177.07,0.56,1004,424,0,8,120,0.12,43,9,26,30,12,4,0,55,2190.53,2190.53,1159.33,5923,1255304.75,2062650.54,3317955.29,1404.72,1858.85,451.42,1640,248,1485,128693.05,770
COSAB-,152251,4.23,16.67,46089.8,36,6,0.38,16,44.4,30,2489.69,2481.91,413.29,0.97,2.42,3.53,5029.3,0,0.11,0,1280.27,0.44,127,4,0,0,35,0.28,1,4,3,3,15,9,0,8,2027.58,2027.58,1280.27,2051,73537.67,107517.3,181054.9,2042.71,2986.59,350.05,87,0,101,14878.41,0,3,12.5,17027.48,16,2,0.25,8,50,14,2086.17,1918.61,306.7,0.38,2.44,2.62,4459.35,0.19,0,0,1064.22,0.5,42,9,0,0,6,0.14,1,0,5,5,9,2,0,5,2089.55,2089.55,1064.22,1716,21571.41,49778.13,71349.53,1348.21,3111.13,293.73,39,3,30,4907.27,22,2.16,21.69,260629.94,189,41,0.35,137,72.5,148,2978.93,2982.25,252.44,0.38,2.37,1.69,6076.42,0.25,0,0.01,1378.99,0.72,320,127,1,2,72,0.22,15,0,14,14,10,4,0,18,2190.53,2190.53,1259.42,3707,368873.26,779570.93,1148444.29,1968.89,3261.29,295.09,448,47,459,47711.47,306
HyukOh,8993,2.23,3.76,99599.86,133,5,0.28,18,13.5,128,2496.84,2532.38,243.2,0.42,1.74,2.14,2225.71,0,0.02,0,748.87,0.14,285,11,0,0,56,0.2,5,3,16,16,15,3,0,32,1970.01,1970.01,748.87,2032,141046.7,154973.1,296019.8,1060.5,1165.21,319.17,232,0,186,32346.25,0,3.52,23.85,175037.3,130,31,0.47,66,50.8,99,2667.22,2663.82,331.96,0.35,2.52,2.68,5595.45,0.23,0.02,0,1346.44,0.51,348,92,0,0,46,0.13,6,3,12,12,10,3,0,27,2181.63,2181.63,1346.44,2226,241005.6,486402.5,727408.1,1853.89,3741.56,432.64,327,30,394,43155.03,203,2.65,22.28,564839.9,404,90,0.31,288,71.3,314,2915.77,2923.77,262.22,0.36,2.54,2.06,5710.21,0.37,0.01,0.01,1398.12,0.71,832,324,2,3,144,0.17,41,4,6,20,11,6,0,38,2180.34,2180.34,1398.12,2431,744048.6,1562874,2306923,1841.7,3868.5,609.85,1027,151,876,105937.5,645
Yaku1018,142407,3.56,13.33,53999.59,60,8,0.75,15,25,52,2428.13,2465.88,340.98,0.8,1.17,3.08,6668.14,0,0.03,0.02,899.99,0.25,185,8,1,1,48,0.26,4,2,13,30,14,3,0,27,1894.63,1894.63,1385.57,3119,166003.39,234085.32,400088.61,3347.25,1984.23,339.55,70,0,115,20458.8,0,3.93,16.67,20368.94,18,3,0.38,8,44.4,15,1865.42,1712.22,446.85,0.94,3.44,3.28,3451.51,0.17,0,0,1131.61,0.44,59,14,0,0,17,0.29,1,0,12,12,11,2,0,7,1856.2,1856.2,1131.61,1528,34932.52,27194.6,62127.12,1940.7,1510.81,272.89,62,3,41,8043.28,38,2.52,17.71,717424.06,542,96,0.14,355,65.5,446,2919.71,2932.2,304.93,0.38,2.64,2.08,4492.72,0.37,0.01,0.01,1323.66,0.65,1126,537,0,6,205,0.18,18,5,41,41,16,4,0,46,2190,2190,1239.5,3608,990650.76,1444401.26,2435052.72,1540.35,2317.65,441.79,1432,201,1092,165273.43,1031
BanMyo,10410,5.5,25,9218.53,8,2,0.5,4,50,6,1551.55,1437.17,429,1.25,0.88,4.12,2916.8,0,0,0,1152.32,0.5,33,0,0,0,10,0.3,1,0,13,13,15,2,0,4,1887.48,1887.48,1152.32,1292,11849.92,11484.44,23334.37,1481.24,1435.56,397.3,7,0,26,3432.02,0,9,40,6432.31,5,2,0.67,3,60,3,1456.61,1425.29,681.46,2.6,1,5.4,5678.91,0,0.2,0,1286.46,0.6,27,7,0,0,13,0.48,1,1,5,5,11,7,0,4,2191.22,2191.22,1286.46,1203,8190.24,20204.29,28394.53,1638.05,4040.86,240.63,5,0,7,3407.29,17,2.96,26.87,1058596.8,737,198,0.18,548,74.4,539,2918.36,2942.74,284.41,0.37,2.4,2.16,6574.94,0.29,0.04,0.01,1436.36,0.74,1594,701,0,5,273,0.17,60,28,9,53,12,4,0,45,2197.28,2197.28,915.26,3486,1466233.63,3379497.41,4845731.04,1103.3,3329.43,633.82,1772,212,1518,209611.93,1351
GODUNGA,7363,3.28,14.29,27445.21,21,3,0.6,5,23.8,18,1914.26,1898.41,329.73,0.67,0.76,2.81,3702.64,0,0,0,1306.91,0.24,59,3,0,0,14,0.24,0,0,1,4,11,2,0,14,2184.53,2184.53,1306.92,1587,36167.81,41587.6,77755.41,1722.28,1980.36,259.34,16,0,68,6924.42,0,2.37,8,123964.9,100,8,0.17,47,47,92,2305.85,2317.14,287.75,0.34,1.48,2.18,3958.97,0.16,0.01,0,1239.65,0.47,218,53,0,0,34,0.16,1,1,5,18,10,3,0,30,2170.77,2170.77,1239.65,1913,175985.5,219911.4,395896.9,1759.85,2199.11,351.72,148,16,314,28775.27,107,2.38,12.46,374482.18,289,36,0.11,168,58.1,253,2933.75,2943.06,291.99,0.24,1.91,2.08,4352.76,0.25,0.01,0,1295.79,0.58,602,242,1,1,69,0.11,21,3,6,6,12,4,0,42,2184.76,2184.76,1339.63,3437,565521.93,692426.24,1257948.38,2252.15,2129.32,442.08,551,73,780,84385.35,510
Pull7,4096,2.32,9.68,26972.71,31,3,0.6,5,16.1,28,1701.59,1700.24,253.69,0.32,0.97,2.1,2775.74,0,0,0,870.09,0.16,65,3,0,0,10,0.15,0,0,7,7,11,2,0,7,1978.31,1978.31,870.09,1390,39521.02,46527,86048.02,1274.87,1500.87,366.31,30,0,42,7864.52,0,2.37,8.82,62523.92,68,6,0.29,21,30.9,62,2041.07,2037.91,261.26,0.31,1.04,2.16,3446.9,0.18,0.01,0.01,919.47,0.31,147,33,0,1,21,0.14,1,1,8,17,11,2,0,11,1967,1967,919.47,1669,94713.01,139676.2,234389.2,1392.84,2054.06,389.11,71,12,92,17765.34,82,2.8,22.9,814003.2,572,131,0.3,436,76.2,441,2973.92,2970.39,287.93,0.39,1.96,2.16,6343.76,0.29,0.02,0.01,1423.08,0.76,1236,449,2,3,224,0.18,46,13,12,145,11,4,0,44,2175.68,2175.68,1423.08,2485,1119581,2509051,3628632,1957.31,4386.45,526.56,1120,166,1261,164695.9,1047
juankorea,7520,2.45,13.87,391307.6,310,43,0.39,110,35.5,267,2717.09,2711.9,252.84,0.49,2.64,2.11,6438.51,0,0.07,0.01,1262.28,0.35,655,51,4,4,151,0.23,4,22,7,7,12,3,0,36,2181.39,2181.39,1262.28,2248,475129,1520809,1995938,1532.67,4905.83,367.18,818,0,670,78381.19,0,3.97,30.61,67644.45,49,15,0.48,31,63.3,34,2432.43,2430.26,337.52,0.53,2.94,2.76,5981.27,0.22,0.02,0,1380.5,0.63,135,50,0,0,26,0.19,1,1,17,17,10,4,0,9,1969.52,1969.52,1380.5,2025,111561.3,181521,293082.3,2276.76,3704.51,507.47,144,11,132,16538.49,69,3.66,41.59,322457.5,214,89,0.51,173,80.8,125,2928.52,2926.41,251.98,0.48,3.5,2.14,6924.16,0.17,0.02,0.01,1506.81,0.81,458,218,1,2,102,0.22,4,5,4,4,10,3,0,18,2176.05,2176.05,1506.81,2454,498822.9,982947.4,1481770,2330.95,4593.21,473.14,749,36,531,53923.16,337
JooHeon,11600,3.26,10.26,37960.75,39,4,0.5,8,20.5,35,2232.88,2261.52,334.28,0.72,1.08,2.92,2773.02,0,0.03,0,973.35,0.21,114,2,0,0,28,0.25,3,1,0,0,10,2,0,17,2029.91,2029.91,973.35,1841,61678.04,46469.73,108147.8,1581.49,1191.53,298.42,42,0,114,13036.86,0,3.44,13.51,43133.27,37,5,0.31,16,43.2,32,1981.76,1999.13,368.38,0.57,2.81,2.97,3723.02,0.35,0,0,1165.76,0.43,110,14,0,0,21,0.19,4,0,2,13,12,3,0,13,2027.02,2027.02,1165.76,1632,64762.96,72988.92,137751.9,1750.35,1972.67,243.18,104,13,128,13629.95,64,2.44,15.84,666272.6,505,80,0.24,331,65.5,425,2918.81,2916.54,275.55,0.31,2.38,2.05,4622.86,0.34,0.02,0.02,1319.35,0.66,1035,345,3,10,157,0.15,33,12,4,4,12,4,0,44,2124.49,2124.49,1319.35,2431,953904.3,1380638,2334542,1888.92,2733.94,345.62,1204,170,1578,139151.1,836
JAKIM,8195,3.49,13.56,58029.96,59,8,0.69,19,32.2,51,2495.95,2515.3,337.31,0.8,1.39,3.02,3117.79,0,0.03,0,983.56,0.32,178,9,0,0,47,0.26,1,2,0,0,14,2,0,25,2078.98,2078.98,902.15,3162,82604.2,101345.53,183949.74,1327.02,1428.3,362.21,82,0,144,19901.57,0,2.37,11.82,118035.58,110,13,0.15,42,38.2,97,2248.22,2280.41,259.84,0.36,2.06,2.09,4098.04,0.22,0.02,0.03,1073.05,0.38,230,73,1,3,40,0.17,1,2,14,14,12,2,0,24,1981.86,1981.86,1252.9,2874,152130,298654.82,450784.82,1484.81,3333.31,279.03,227,24,229,28582.57,132,2.19,26.79,322216.79,224,60,0.12,164,73.2,164,2909.04,2912.95,232.38,0.28,2.23,1.6,5775.9,0.41,0,0,1438.47,0.73,359,213,1,1,62,0.17,7,0,11,53,12,3,0,28,2193.35,2193.35,1130.92,4472,388815.97,904986.46,1293802.33,1613.96,2624.76,360.6,499,92,471,52053.96,337
Nicknameilanda,21602,2.01,11.86,499046.67,354,42,0.17,169,47.7,312,2942.77,2942.26,205.95,0.29,1.36,1.77,5444.71,0,0.03,0.01,1409.74,0.48,627,40,2,2,103,0.16,5,12,21,21,8,3,0,57,2178.32,2178.32,1479,5232,566218.24,1361207.66,1927425.88,2118.57,2299.51,335.73,480,0,867,72905.27,0,1.44,5.64,206576.15,195,11,0.25,65,33.3,184,2523.72,2544.44,166.57,0.19,1.83,1.36,3730.67,0.19,0.03,0.01,1059.36,0.33,265,54,1,2,37,0.14,1,5,10,10,8,5,0,28,2178.94,2178.94,1046.79,3271,286274.26,441205.66,727479.92,1435.29,1920.29,618.01,356,37,270,32482.01,140,3.14,12.5,32478.85,24,3,0.09,16,66.7,21,2132.33,2066.56,317.51,0.21,2.17,2.75,4831.59,0.21,0.04,0,1353.29,0.67,66,10,0,0,5,0.08,1,1,25,25,9,3,0,12,2006.11,2006.11,1227.27,2753,45040.46,70917.69,115958.18,1317.5,1541.69,341.86,52,5,67,7620.22,56
Cookiedoodle,12066,3.12,10.53,24353.48,19,2,0.14,7,36.8,17,1880.74,1861.24,319.89,0.89,1.47,2.79,5215.45,0,0.05,0,1281.76,0.37,53,2,0,0,17,0.32,1,1,3,10,7,2,0,8,1922.15,1922.15,1055.15,2530,29806.25,69287.3,99093.54,937.77,1924.65,325.76,28,0,84,6077.97,0,2.39,11.43,35065.82,35,4,0.22,10,28.6,31,1750.25,1806.74,265.05,0.74,1.49,2.11,4083.46,0.17,0.03,0.03,1001.88,0.29,74,23,1,1,26,0.35,0,1,13,29,8,3,0,10,1950.4,1950.4,1425.33,2503,44299.48,98621.6,142921.04,1853.74,3824.14,247.82,52,6,81,9276.92,40,2.43,35.17,664705.83,435,153,0.37,366,84.1,282,2954.06,2951.36,245.8,0.29,2.27,1.57,7135.74,0.22,0.01,0.01,1528.06,0.84,685,481,1,3,126,0.18,49,3,41,41,8,5,0,39,2068.81,2068.81,1582.32,5018,814256.7,2289789.49,3104046.59,2213.1,4659.83,545.65,989,97,1190,106925.11,586
Xerape,13518,1.5,9.09,10574.43,11,1,0.25,2,18.2,10,1407.01,1427.18,154.26,0.64,0.45,1.36,4058.92,0,0.09,0,961.31,0.18,15,1,0,0,7,0.47,0,1,0,0,6,2,0,5,1809.18,1809.18,925.39,2152,12826.59,31821.55,44648.13,641.33,1591.08,207.71,5,0,13,1696.91,0,4.86,19.44,52043.68,36,7,0.33,21,58.3,29,2324.32,2331.55,458.96,0.69,2.06,3.92,5586.82,0.14,0,0.03,1445.66,0.58,141,25,0,1,25,0.18,1,0,37,37,15,3,0,4,1967,1967,1445.66,1921,83277.39,117848.2,201125.5,2313.26,3273.56,501.12,74,5,86,16522.59,71,1.97,17.3,436414.2,318,55,0.23,235,73.9,263,2885.46,2909.66,241.72,0.25,2.26,1.63,5817.63,0.28,0.01,0,1372.37,0.74,518,243,0,1,80,0.15,16,3,5,9,11,4,0,36,2192.87,2192.87,1372.37,2419,654059.1,1195947,1850006,2056.79,3760.84,505.8,718,90,602,76867.33,458
BLUE-O-,91273,2.83,13.46,156083,104,14,0.26,54,51.9,90,2713.71,2749.67,283.98,0.42,1.86,2.45,8274.13,0,0.09,0.04,1500.8,0.52,255,16,4,4,44,0.17,4,9,2,2,8,3,0,12,2183.19,2183.19,1500.8,2264,142516.1,717993.1,860509.3,1370.35,6903.78,363.59,193,0,251,29533.68,0,3.98,24.07,81778.57,54,13,0.2,33,61.1,41,2485.5,2468.02,389.67,0.31,2.5,3.02,6477.88,0.19,0.02,0.02,1514.42,0.61,163,46,0,1,17,0.1,3,1,17,61,12,3,0,11,1986.52,1986.52,1445.25,3063,101140.34,248665.1,349805.41,1671.91,4384.34,472.5,135,10,140,21042.4,91,3.09,22.67,229451.63,150,34,0.14,123,82,116,2993.2,2996.53,348.22,0.35,2.73,2.39,7164.96,0.27,0.04,0.03,1529.68,0.82,358,155,1,4,53,0.15,8,6,17,17,11,3,0,13,2179.54,2179.54,1494.45,3523,300109.45,774634.47,1074743.52,1499.99,4654.46,351.47,409,41,304,52232.29,325
KeiHelp,12845,10,66.67,4884.81,3,2,1,2,66.7,1,1448.89,1334.22,370.76,1.33,0.67,3.33,7369.82,0,0,0,1628.27,0.67,10,0,0,0,4,0.4,1,0,9,9,5,1,0,2,1854.45,1854.45,1628.27,1216,5156.81,16952.66,22109.46,1718.94,5650.89,158.63,2,0,10,1112.29,0,2.96,14.81,35529.16,27,4,0.27,15,55.6,23,2199.43,2216.27,324.18,0.37,2.37,2.52,5190.55,0.11,0,0.07,1315.89,0.56,68,12,1,2,10,0.15,1,0,5,25,9,2,0,11,1969.83,1969.83,1315.9,1830,43089.54,97055.3,140144.8,1595.91,3594.64,231.81,64,3,78,8752.89,39,2.5,26.39,587554.8,413,109,0.34,319,77.2,304,2978.59,2976.8,261.62,0.29,2.68,1.84,6424.52,0.27,0.02,0,1422.65,0.77,759,383,0,2,118,0.16,36,9,10,10,9,4,0,43,2186.24,2186.24,1422.65,2491,702519.8,1950806,2653326,1701.02,4723.5,561.76,1108,112,1009,108047.3,608
SeaYureka,4119,3.54,22.86,205847.91,140,32,0.39,77,55,108,2574.04,2613.84,321.47,0.6,1.31,2.73,7016.97,0,0.09,0,1470.34,0.55,382,30,0,0,84,0.22,7,12,7,9,12,3,0,33,2179.89,2179.89,1562.93,5049,247207.31,735167.99,982375.26,2149.15,5682.73,339.81,183,0,475,45005.66,0,3.37,21.57,327533.36,255,55,0.43,134,52.5,200,2524.37,2528.81,353.5,0.48,1.86,2.64,5534.63,0.25,0.01,0.02,1284.44,0.53,674,266,4,6,122,0.18,11,2,91,91,12,4,0,28,2083.91,2083.91,1382.05,5056,440245.3,971084.18,1411329.7,1821.68,4214.13,461.95,474,64,632,90142.25,383,2.78,20.76,426802.25,342,71,0.35,192,56.1,271,2926.61,2940.61,312.51,0.32,2.37,2.2,4767.39,0.42,0.01,0.01,1247.96,0.56,753,341,0,3,109,0.14,14,2,85,101,12,4,0,29,2183.58,2183.58,1238.71,3664,641781.88,988665.09,1630447.17,1939.77,3120.34,685.65,810,143,689,106879.38,671
threeBELL,119501,10,50,3001.31,2,1,1,1,50,1,1363.75,1213.3,580.45,2.5,4,5,6553.72,0,0,0,1500.66,0.5,10,0,0,0,5,0.5,0,0,10,10,7,1,0,1,1846.65,1846.65,1500.66,1133,6794.78,6312.66,13107.44,3397.39,3156.33,113.65,8,0,8,1160.9,0,3.81,17.24,66277.02,58,10,0.25,20,34.5,48,2198.08,2211.08,358.8,0.74,2.95,3.16,4650.73,0.22,0.02,0.03,1142.71,0.34,183,37,2,2,43,0.23,2,1,17,17,15,2,0,19,2193.69,2193.69,660.84,2784,106392.73,163349.58,269742.21,942.32,1580.94,315.33,171,13,108,20810.24,95,2.82,21.08,548304.8,389,82,0.3,274,70.4,307,2900.4,2919.55,300.42,0.5,3.83,2.23,6452.93,0.33,0.02,0.01,1409.52,0.7,867,342,2,3,193,0.22,13,7,2,25,11,4,0,35,2013.09,2013.09,1409.52,2416,927259.5,1582930,2510190,2383.7,4069.23,802.47,1488,128,697,116865.1,790
mcthesex,176602,1.85,9.45,755732.86,561,53,0.11,233,41.5,508,2943.07,2943.82,205.53,0.28,1.86,1.67,6543.32,0,0.06,0.01,1347.12,0.42,939,66,3,3,157,0.17,6,35,13,13,7,2,0,47,2289.94,2289.94,1458.28,3568,962214.09,2708587.19,3670801.28,2115.77,3564.93,376.92,1045,0,1465,115301.05,0,1.65,9.47,127411.99,95,9,0.19,49,51.6,86,2396.5,2393.54,207.62,0.32,2.15,1.49,6826.19,0.11,0.02,0.01,1341.18,0.52,142,36,0,1,30,0.21,1,2,23,56,9,3,0,22,2107.49,2107.49,1364.68,3220,164040.87,484447.26,648488.13,1930.92,4966.88,396.74,204,10,207,19724.31,83,1.74,11.36,61631.61,44,5,0.56,32,72.7,39,2499.04,2516.62,232.21,0.23,2.2,1.55,6030.99,0.36,0.02,0.02,1400.72,0.73,68,31,0,1,10,0.15,0,1,6,25,6,3,0,14,2173.98,2173.98,1625.78,3152,84966.91,180396.84,265363.74,2374.67,3776.58,255.7,97,16,91,10217.28,62
Gyeongwoon,7918,5,20,23631.06,15,3,0.3,10,66.7,12,2035.09,2007.02,438.95,0.8,3.13,4,6113.82,0,0.07,0,1575.4,0.67,60,2,0,0,12,0.2,0,1,3,6,11,2,0,9,1968.83,1968.83,1575.4,1695,27224.7,64482.57,91707.27,1814.98,4298.84,400.17,47,0,42,6584.18,0,2.3,8.33,81054.38,72,6,0.25,24,33.3,66,2001.29,2019.92,273.03,0.43,1.89,2.11,3734.25,0.25,0,0.01,1125.76,0.33,152,34,0,1,31,0.2,1,0,0,0,10,2,0,18,2189.55,2189.55,1125.76,1653,122806.3,146059.9,268866.2,1705.64,2028.61,299.6,136,18,108,19658.44,91,2.08,18.2,855931.01,632,115,0.63,449,71,517,2935.74,2946.26,249.08,0.28,2.73,1.7,5887.59,0.25,0.03,0.01,1354.32,0.71,1075,459,1,5,174,0.16,18,17,28,28,12,4,0,48,2180.07,2180.07,1579.07,3573,1116622.72,2604335.55,3720959.28,1779.79,5091.69,604.7,1725,157,989,157421.69,986
Rain1ng,46576,4.09,15.38,12580.82,13,2,0.17,3,23.1,11,1634.14,1620.3,347.25,1.15,1.23,3.46,4324.22,0,0.08,0,967.76,0.23,45,4,0,0,15,0.33,1,1,6,6,12,4,0,10,1913.89,1913.89,676.28,4329,21454.36,34760.46,56214.82,1060.58,2169.47,277.09,16,0,33,4514.26,0,3.8,23.43,261652.55,175,41,0.35,123,70.3,134,2657.35,2663.08,375.86,0.5,2.29,2.91,6070.75,0.22,0.03,0.02,1495.16,0.7,509,167,0,3,87,0.17,18,6,43,84,12,3,0,35,2178.87,2178.87,1375.96,3634,453451.03,608929.39,1062380.41,2270.75,3464.51,375.86,401,39,643,65776.04,303,2.74,15.27,777127.63,622,95,0.31,370,59.5,527,2924.07,2940.37,318.54,0.35,2.48,2.32,5110.36,0.36,0.03,0.04,1249.4,0.59,1446,473,1,27,218,0.15,39,17,86,180,12,4,0,69,2189.94,2189.94,1131.16,7950,1268548.16,1910097.54,3178645.74,1718.7,3013.54,931.93,1545,221,1600,198130.8,1313
i_Cloud,6491,3.11,9.68,29588.56,31,3,0.38,8,25.8,28,1986.27,1948.89,305.68,0.45,1.13,2.81,2790.76,0,0,0.1,954.47,0.26,87,3,3,3,14,0.16,4,0,4,4,11,3,0,20,1931.31,1931.31,954.47,1628,39714.55,46799.06,86513.61,1281.12,1509.65,298.52,35,0,61,9476.1,0,2.15,6.25,63114.34,64,4,0.21,19,29.7,60,2200.76,2204.26,251.14,0.28,2.64,2.02,3695.95,0.16,0,0,986.16,0.3,129,42,0,0,18,0.14,4,0,6,30,12,4,0,20,1950.39,1950.39,986.16,1819,105851.2,130689.5,236540.7,1653.93,2042.02,484.85,169,10,93,16072.79,90,2.56,25.46,776608.1,546,139,0.33,415,76,407,2974.22,2979.12,254.92,0.27,3.11,1.91,6122.63,0.38,0.02,0.01,1422.36,0.76,1043,510,1,5,150,0.14,47,9,13,13,10,4,0,42,2183.9,2183.9,1422.36,2490,1102670,2240284,3342954,2019.54,4103.08,416.26,1700,209,1298,139185,842
evermorelucky,16995,2.5,8.43,90137.31,83,7,0.37,19,22.9,76,2298.02,2304.96,276.95,0.6,1.47,2.29,3975.64,0,0,0,1085.99,0.23,190,14,0,0,50,0.26,1,0,9,9,10,3,0,13,2021.13,2021.13,1085.99,1892,141071.8,188906.4,329978.2,1699.66,2275.98,386.33,122,0,189,22987.05,0,2.39,12.41,141392.3,137,17,0.39,44,32.1,120,2240.91,2276.74,268.2,0.39,2.18,2.09,3768.96,0.12,0.01,0.01,1032.06,0.32,287,95,1,1,53,0.18,4,1,26,29,9,3,0,24,1966.5,1966.5,1032.06,1850,239428.7,276919.5,516348.2,1747.65,2021.31,374.5,299,16,279,36743.59,194,2.43,24,345828.1,250,60,0.34,179,71.6,190,2898.18,2909.08,261.9,0.38,2.72,1.84,5954.86,0.29,0,0,1383.31,0.72,461,220,0,0,96,0.21,11,0,1,7,10,4,0,27,2052.16,2052.16,1383.31,2424,569217.9,919497.8,1488716,2276.87,3677.99,449.74,681,72,593,65476.25,385
Joker666,11913,3.12,5.56,38513.81,36,2,0.22,9,25,34,2236.26,2250.77,292.79,0.58,1.72,2.94,3193.02,0,0.03,0,1069.83,0.25,106,2,0,0,21,0.2,0,1,13,14,11,2,0,17,1989.67,1989.67,1069.83,1844,57540.64,57408.04,114948.7,1598.35,1594.67,312.38,62,0,70,10540.27,0,2.37,5.56,53664.59,54,3,0.17,18,33.3,51,2046.22,2092.25,254.86,0.46,1.83,2.24,3661.95,0.11,0,0.02,993.79,0.33,121,24,1,1,25,0.21,1,0,9,19,10,2,0,18,1940.25,1940.25,993.79,1688,78563.52,119181.5,197745.1,1454.88,2207.06,306.15,99,6,95,13762.36,68,3.64,35.81,568403.3,377,135,0.43,311,82.5,242,2897.06,2897.93,288.2,0.48,2.7,2.34,7290.46,0.24,0.03,0.01,1507.7,0.82,882,357,0,3,180,0.2,23,10,15,15,11,4,0,35,2192.31,2192.31,1507.7,2430,892983.2,1855521,2748505,2368.66,4921.81,369.48,1017,91,910,108650.2,724
TreadstoneTW,151480,3.23,19.31,381023.71,259,50,0.19,133,51.4,209,2909.94,2932.12,289.25,0.58,4.16,2.61,5757.05,0,0,0.01,1471.13,0.51,675,47,3,3,151,0.22,9,0,25,31,10,3,0,39,2180.12,2180.12,1455.74,3533,550196.37,940879.25,1491075.71,1981.44,3021.93,495.63,1077,0,1091,74915.74,0,3.91,19.41,222549.22,170,33,0.54,90,52.9,137,2315.34,2422.51,374.2,0.67,2.45,3.15,4673.56,0.25,0.01,0.01,1309.11,0.53,535,118,1,1,114,0.21,5,2,62,118,14,4,0,35,1980.6,1980.6,1213.15,5536,365263.91,429240.87,794504.78,2099.09,2057.7,442.59,416,42,479,63613.95,293,4.02,32.91,340757.58,237,78,0.46,174,73.4,159,2473.62,2475.32,365.16,0.56,2.95,2.7,5464.21,0.24,0.03,0,1437.8,0.73,639,281,0,1,132,0.21,8,6,109,243,11,4,0,28,2179.08,2179.08,1397.81,7948,575336.41,719682,1295018.31,2316.99,2756.33,490.29,698,57,678,86542.27,539
D_VaGod,5112,5.75,0,6304.56,4,0,0,3,75,4,1407.06,1419.13,669.04,1.25,2.25,5.75,4416.09,0,0,0,1576.14,0.75,23,1,0,0,5,0.22,0,0,1,1,9,2,0,4,1888.07,1888.07,1576.14,1166,8890.51,8773.86,17664.37,2222.63,2193.46,263.89,9,0,15,2676.16,0,4.33,33.33,13676.35,9,3,0.25,7,77.8,6,1863.78,1806.82,350.65,0.56,3.33,2.89,6284.38,0.22,0,0,1519.59,0.78,26,7,0,0,5,0.19,0,0,9,9,10,2,0,4,1950.04,1950.04,1619.01,2637,20022.22,36537.2,56559.43,3021.82,3457.32,215.66,30,2,19,3155.88,12,2.57,27.37,507205.47,358,98,0.49,276,77.1,260,2911.64,2919.66,277.52,0.36,2.17,1.87,6122.97,0.26,0.01,0,1416.78,0.77,668,307,0,1,128,0.19,33,4,57,115,12,4,0,41,2193.07,2193.07,1313.88,5232,684640.97,1507380.57,2192022.15,1845.78,3284.28,317.48,776,93,598,99352.18,632
UrbanJacket,42572,2.23,9.09,74846.48,66,6,0.32,19,28.8,60,2464.89,2459.36,225.51,0.26,1.91,2.03,5143.18,0,0.03,0.02,1134.04,0.29,134,9,1,1,17,0.13,0,2,8,8,9,3,0,22,2174.73,2174.73,1134.04,2031,114368.6,225081.3,339449.9,1732.86,3410.32,298.96,126,0,149,14883.68,0,2.6,15.29,116655.8,85,13,0.27,48,56.5,72,2551.36,2585.86,290.76,0.38,3.64,2.2,6126.4,0.2,0,0,1372.42,0.56,187,55,0,0,32,0.17,2,0,9,72,8,3,0,25,1973.52,1973.52,1372.42,2124,174240.7,346503.2,520743.9,2049.89,4076.51,286.64,309,17,250,24714.61,109,2.08,25.73,245215,171,44,0.34,129,75.4,127,2873.77,2913.95,216.93,0.25,2.68,1.54,6376.82,0.22,0.01,0,1434.01,0.75,264,168,0,0,43,0.16,7,2,5,5,10,3,0,29,2176.27,2176.27,1434.01,2413,370955.3,719481.6,1090437,2169.33,4207.5,498.96,458,38,419,37095.27,207
CCCCCCCCA,149581,11.25,33.33,7955.75,6,2,0.67,3,50,4,1629.62,1472.74,783.81,1.83,2.5,7.5,6696.7,0,0,0,1325.96,0.5,45,3,0,0,11,0.24,1,0,8,8,14,2,0,4,1853.69,1853.69,1325.96,1341,11890.05,28290.16,40180.2,1981.67,4715.03,294.74,15,0,38,4702.87,0,10,50,2772.17,2,1,1,1,50,1,1347.64,1201.97,533.46,0.5,0,5,3385.16,0,0,0,1386.09,0.5,10,0,0,0,1,0.1,0,0,10,10,9,2,0,1,1952.85,1952.85,1386.09,1121,3439.48,3330.84,6770.32,1719.74,1665.42,170.54,0,0,5,1066.93,6,2.6,14.15,980298.4,756,107,0.22,487,64.4,649,2796.62,2933.4,317.65,0.41,3.42,2.23,4415.35,0.28,0,0.01,1296.69,0.64,1685,666,1,10,313,0.19,38,3,25,25,13,4,0,47,2190.8,2190.8,1296.69,2307,1651140,1686867,3338007,2184.05,2231.31,439.18,2582,208,1755,240141.3,1499
Panda-WangShaoye,182032,3.11,9.79,113264.49,143,14,0.26,27,18.9,129,2491.93,2547.4,328.12,0.85,1.51,2.8,2224.62,0,0.01,0.01,792.06,0.19,401,22,1,1,121,0.3,4,2,14,54,14,3,0,33,1991.63,1991.63,850.1,5209,167621.77,150498.76,318120.53,696.83,673,497.39,216,0,233,46920.51,0,3.31,11.82,97707.96,110,13,0.33,28,25.5,97,2148.3,2145.04,342.54,0.57,2.07,2.92,2754.63,0.22,0.01,0.05,888.25,0.25,321,80,4,5,63,0.2,6,1,19,24,15,2,0,28,2033.28,2033.28,971.33,3971,166747.01,136261.83,303008.84,1890.39,2102.29,367.6,228,24,198,37679.33,189,3.47,25.16,968046.02,767,193,0.26,480,62.6,574,2905.61,2908.45,332.44,0.43,2.73,2.6,4275.82,0.4,0.01,0.01,1262.12,0.63,1992,957,3,11,326,0.16,56,7,33,33,18,5,0,68,2197.47,2197.47,1016.93,7537,1734606.13,1544948.25,3279554.44,1704.74,1779.71,755.67,2095,307,1634,254984.25,1618
HunseockGiyomi,135262,3,5,14652.99,20,1,0.5,2,10,19,1491.55,1472,326.37,0.6,1.75,2.85,1931.6,0,0,0,732.65,0.1,57,1,0,0,12,0.21,0,0,2,10,17,3,0,8,1948.93,1948.93,732.65,1204,20122.72,18509.37,38632.09,1006.14,925.47,333.79,35,0,29,6527.5,0,2.19,3.28,122457,122,4,0.14,29,23.8,118,2264.78,2252.72,259.85,0.52,1.48,2.11,3524.57,0.14,0.01,0.02,1003.75,0.24,258,40,0,3,64,0.25,6,1,2,16,9,5,0,25,1966.8,1966.8,1003.75,1886,180980,249017.7,429997.8,1483.44,2041.13,379.31,180,17,248,31702.17,139,2.15,17.39,441589.57,345,60,0.09,214,62,285,2912.92,2912.53,221.97,0.3,2.31,1.77,5263.89,0.25,0.01,0.03,1279.97,0.62,612,211,1,10,102,0.17,20,3,26,26,10,3,0,37,2192.18,2192.18,1560.6,4568,611880.61,1204160.9,1816040.7,2446.84,4468.07,415.67,797,86,761,76579.33,468
Meluke,25386,3.12,3.85,23442.44,26,1,0.33,2,7.7,25,1656.24,1621.01,334.77,0.81,1.15,3,3200.93,0,0.08,0.04,901.63,0.08,78,2,1,1,21,0.27,1,2,13,28,13,3,0,17,1870.49,1870.49,803.38,3418,34541.76,48682.5,83224.26,1219.77,1267.14,393.55,30,0,31,8703.92,0,4.31,23.81,57585.74,42,10,0.66,27,64.3,32,1995.78,1942.88,423.04,0.74,3.5,3.29,6072.18,0.19,0,0.02,1371.09,0.64,138,39,0,1,31,0.22,2,0,18,18,10,2,0,11,1935.02,1935.02,1625.18,2874,81470.68,173560.71,255031.37,2237.36,4452.79,595.55,147,8,117,17767.87,94,5.24,50.53,460202.88,285,144,0.4,248,87,141,2905.46,2901.91,375.27,0.41,3.28,2.59,6681.37,0.45,0.02,0.01,1614.75,0.87,739,482,0,3,118,0.16,18,6,17,29,10,4,0,46,2361.18,2361.18,1336.3,5638,613684.23,1290505.56,1904189.79,2310.19,2887.68,529.63,934,127,688,106952.9,640
SurplusHuman,4455,5.86,22.22,10814.52,9,2,0.5,4,44.4,7,1668.06,1664.44,454.21,1.33,2.33,4.56,2843.15,0,0,0,1201.61,0.44,41,2,0,0,12,0.29,1,0,1,27,13,2,0,6,2129.41,2129.41,1201.61,1374,14649.29,10939.1,25588.39,1627.7,1215.46,278.89,21,0,27,4087.86,0,2.41,5.81,87165.55,86,5,0.28,18,20.9,81,2058.01,2019.4,276.76,0.37,1.95,2.27,2833.51,0.21,0,0,1013.55,0.21,195,33,0,0,32,0.16,3,0,8,13,11,3,0,20,2052.75,2052.75,1013.55,1684,110334.9,133346.9,243681.8,1282.96,1550.55,363.15,168,18,161,23801.04,113,2.07,16.11,448780.88,329,53,0.08,236,71.7,276,2883.71,2913.86,252.5,0.29,2.8,1.74,5423.05,0.29,0.01,0.02,1364.08,0.72,572,217,1,7,95,0.17,21,3,23,23,9,4,0,43,2175.88,2175.88,954.17,4438,619103.1,1165082.46,1784184.96,1069.92,1980.78,457,921,94,821,83071.99,482
Jembty,27789,4.77,13.73,49055.31,51,7,0.5,14,27.5,44,1905.22,2030.05,460.75,1.18,2.33,4.12,3649.25,0,0.02,0,961.87,0.27,210,9,0,0,60,0.29,0,1,3,3,15,2,0,14,1956.33,1956.33,961.87,1539,111911.6,74200.34,186111.9,2194.34,1454.91,376.03,119,0,127,23498.43,0,3.85,17.5,31468.6,40,7,0.44,8,20,33,1846.83,1774.99,378.44,0.65,1.23,3.18,2501,0.25,0,0.02,786.72,0.2,127,18,0,1,26,0.2,1,0,1,4,11,3,0,9,1920.1,1920.1,589.79,2477,58345.68,41694.16,100039.83,1049.17,614.34,339.26,49,10,43,15137.79,73,7.69,47.93,735053.2,482,231,0.58,402,83.4,251,2884.73,2899.36,489.21,0.74,3.04,4.01,6248.25,0.27,0.03,0.01,1525.01,0.83,1931,638,1,3,359,0.19,27,13,37,137,14,4,0,55,2183.84,2183.84,1469.31,4665,1200942.7,1810714.5,3011658.1,2303.6,3523.51,1586.04,1467,130,1241,235799.89,1527
Condemn,31408,2,2.44,44457.55,41,1,0.06,16,39,40,2204.07,2215.52,247.48,0.59,1.22,1.95,3418.07,0,0,0.02,1084.33,0.39,80,11,1,1,24,0.3,1,0,0,0,7,2,0,18,1965.57,1965.57,1084.33,1820,69528.2,70612.64,140140.8,1695.81,1722.26,289.3,50,0,106,10146.57,0,2.52,4.55,51896.64,44,2,0.06,17,38.6,42,2199.79,2197.15,298.7,0.52,2,2.41,3922.32,0.05,0,0.09,1179.47,0.39,106,22,1,4,23,0.22,3,0,2,27,10,3,0,11,1987.73,1987.73,1211.89,2831,73870.39,98711.71,172582.11,2130.94,2275.54,286.88,88,2,105,13142.98,73,2.39,19.85,929328.43,670,133,0.09,478,71.3,537,2964.05,2976.87,264.89,0.39,1.41,1.92,5832.52,0.29,0.02,0.01,1387.06,0.71,1285,497,1,9,259,0.2,19,16,40,40,11,4,0,46,2189.88,2189.88,1297.93,4516,1394795.06,2512996.43,3907791.48,1857.95,1503.76,531.99,945,195,1687,177473.56,1103
tjwzsp,142395,2.47,9.96,268094.67,241,24,0.22,68,28.2,217,2788.36,2782.48,254.69,0.46,2.9,2.22,4114.08,0,0.02,0,1112.43,0.28,536,43,0,0,112,0.21,16,6,22,60,13,2,0,59,2041.59,2041.59,966.28,6101,424848.72,566644.75,991493.44,1582.19,2165.55,438.67,699,0,725,61380.74,0,4.58,23.71,127194.89,97,23,0.31,52,53.6,74,2176.85,2181.96,408.18,0.88,2.93,3.49,4650.26,0.34,0.01,0.02,1311.29,0.54,339,86,1,2,85,0.25,9,1,59,178,19,3,0,21,2180,2180,1314.82,4502,185045.36,266029.76,451075.12,2050.81,2061.65,411.17,284,33,350,39593.81,174,3.11,18.92,881627.35,650,123,0.39,448,68.9,527,2940.93,2939.44,327.12,0.4,4.11,2.52,4847.14,0.39,0.03,0.02,1356.35,0.69,1641,626,5,14,263,0.16,44,17,55,89,12,5,0,61,2189.89,2189.89,1358.32,8179,1314353.93,1836284.24,3150638.18,2072.25,2460.66,2558.47,2672,255,1810,212630.01,1333
DalGoNa,33012,1.65,5.56,62570.28,54,3,0.19,16,29.6,51,2186.1,2181.02,181.03,0.22,2.96,1.56,3325.51,0,0.02,0,1158.71,0.3,84,3,0,0,12,0.14,1,1,2,2,8,2,0,19,2069.96,2069.96,1158.71,1821,84171.22,95406.48,179577.7,1558.73,1766.79,454.84,160,0,128,9775.58,0,3.92,25,25903.78,16,4,0.4,10,62.5,12,1913.57,1875.36,314.1,0.69,2.19,2.94,5485.81,0.19,0,0,1618.99,0.62,47,19,0,0,11,0.23,1,0,4,19,9,2,0,5,2173.56,2173.56,1618.99,1599,33560.44,54212.58,87773.02,2097.53,3388.29,217.48,35,3,61,5025.55,23,1.23,8.41,1065998,832,70,0.14,513,61.7,762,2884.96,2926.95,169.38,0.16,2.01,1.13,4856.04,0.22,0.01,0.02,1281.25,0.62,937,382,5,14,129,0.14,32,8,9,9,7,4,0,46,2191.67,2191.67,1281.25,2421,1472572,2567657,4040229,1769.92,3086.13,452.99,1670,185,1989,140924.6,844
whoai,8313,4.32,19.15,61460.38,47,9,0.22,21,44.7,38,1841.76,1830.3,365.33,0.68,1.49,3.49,4401.74,0,0.09,0.02,1307.67,0.45,164,5,1,1,32,0.2,2,4,21,39,12,2,0,29,2181.4,2181.4,931.57,5088,73447.71,133434.18,206881.94,1122.56,1819.83,241.15,70,0,132,17170.6,0,2.37,5.31,112229.91,113,6,0.21,30,26.5,107,2007.02,2053.67,294.04,0.31,1.44,2.25,3148.21,0.14,0.02,0.02,993.19,0.27,254,33,2,2,35,0.14,1,2,15,36,10,2,0,39,1974.8,1974.8,994.64,2995,127590.48,228157.3,355747.6,1132.32,2021.28,440.15,163,16,197,33226.95,167,2.07,16.67,376674.63,270,45,0.21,191,70.7,225,2926.81,2926.46,231.02,0.25,1.89,1.72,5858.17,0.29,0.01,0.02,1395.09,0.71,465,158,2,6,67,0.14,7,2,37,55,12,4,0,50,2198.02,2198.02,1264.69,3819,473652.42,1108053.69,1581706.4,1635.03,3170.21,395.99,509,79,652,62376.49,394
YapHunter,42246,1.75,3.17,82072.85,63,2,0.11,19,30.2,61,2322.49,2332.34,195.64,0.25,1.27,1.7,4829.73,0,0,0,1302.74,0.3,107,3,0,0,16,0.15,1,0,0,0,7,2,0,30,2188.8,2188.8,1302.74,1930,109826.9,194446.4,304273.3,1743.28,3086.45,326.45,80,0,171,12325.22,0,1.61,5.73,228210.4,192,11,0.15,72,37.5,181,2434.33,2424.41,205.91,0.28,1.64,1.52,5939.08,0.14,0.01,0.01,1188.6,0.38,292,60,0,1,54,0.18,2,2,8,8,12,3,0,37,1994.04,1994.04,1188.6,2011,305614.8,834688.6,1140303,1591.74,4347.34,341.65,315,27,418,39535.65,189,1.64,11.59,647426.12,483,56,0.09,321,66.5,427,2848.57,2902.27,216.35,0.2,2.19,1.45,6597.23,0.19,0.02,0.02,1340.43,0.66,701,258,6,11,95,0.14,27,8,9,9,8,5,0,46,2181.17,2181.17,1355.14,3400,822814.6,2363648.08,3186462.78,1734.06,6529.48,402.39,1058,93,1217,104496.3,630
AceAcephd,14234,2.26,18.18,427852.56,286,52,0.44,157,54.9,234,2967.09,2963.69,211.89,0.33,1.94,1.85,6780.48,0,0.03,0,1495.99,0.55,530,31,1,1,95,0.18,14,8,29,29,7,2,0,30,2188.34,2188.34,1220.4,4714,578048.07,1361169.27,1939216.94,1450.88,3340.51,340.29,554,0,791,60600.11,0,2.09,8.78,137284.5,148,13,0.32,41,27.7,135,2434.88,2418.69,235.03,0.36,1.84,1.91,3376.41,0.21,0.02,0.01,927.6,0.28,282,48,2,2,54,0.19,6,3,22,22,10,4,0,22,2179.44,2179.44,927.6,2027,175664.7,324044.8,499709.4,1186.92,2189.49,377.29,273,31,219,34785.09,168,2.35,14.5,359462.5,338,49,0.32,154,45.6,289,2535.91,2546.12,271.23,0.33,2.46,2.01,3722.88,0.32,0.01,0.04,1063.5,0.46,680,170,7,13,110,0.16,16,4,3,38,11,4,0,33,2184.22,2184.22,1063.5,2083,511317.4,747017.3,1258335,1512.77,2210.11,373.99,830,108,583,91674.61,632
misosoo,18360,4.33,25,6051.74,4,1,0.33,3,75,3,1447.37,1446.08,350.79,1,0.5,3.25,6637.87,0,0.25,0,1512.93,0.75,13,0,0,0,4,0.31,0,1,0,6,6,1,0,4,1887.32,1887.32,1512.93,1203,8654.52,17896.98,26551.49,2163.63,4474.24,114.85,2,0,16,1403.18,0,4.25,33.33,15980.93,12,4,0.57,7,58.3,8,1716.99,1743.95,325.49,0.75,0.75,2.83,5009.56,0.17,0.08,0.08,1331.74,0.58,34,9,0,1,9,0.26,0,1,1,1,10,2,0,4,1921.16,1921.16,1331.74,1443,22115.33,37999.38,60114.7,1842.94,3166.62,169.52,9,2,22,3905.87,19,2.27,18.65,569033.8,429,80,0.26,308,71.8,349,2929.55,2935.36,245.54,0.32,2.14,1.85,5768.32,0.23,0.03,0.02,1326.42,0.72,793,261,2,8,139,0.18,34,14,8,8,13,5,0,39,2188.1,2188.1,1326.42,2448,721782.9,1752828,2474611,1682.48,4085.85,726.23,918,97,836,105337.1,680
Qurate,101689,4.85,18.75,23928.95,16,3,0.17,10,62.5,13,1946.68,1925.09,454.43,1.31,1.75,3.94,5266.83,0,0.25,0,1495.56,0.62,63,4,0,0,21,0.33,0,4,10,37,9,2,0,10,2050.86,2050.86,1601.47,2654,29233.61,55035.73,84269.33,1677.2,4651.61,581.66,28,0,45,7270.83,0,6,42.86,8967.8,7,3,0.75,4,57.1,4,1786.69,1745.42,517.06,0.29,1.71,3.43,3406.58,0.14,0,0.14,1281.11,0.57,24,11,0,1,2,0.08,0,0,2,23,9,2,0,4,2173.56,2173.56,1281.11,1499,13402.25,10443.78,23846.03,1914.61,1491.97,229.36,12,1,20,3619.41,17,1.42,8.94,581064.15,470,42,0.24,291,61.9,428,2876.5,2903.65,209.63,0.22,2.37,1.29,4957.16,0.27,0,0.01,1236.31,0.62,607,280,0,7,105,0.17,15,1,7,7,11,3,0,31,2182.52,2182.52,1132.2,3673,868306.89,1461560.52,2329867.11,1807.73,2412.72,801.55,1114,126,762,98527.28,604
hun__Dan233,182398,0,0,4416.98,7,0,0,0,0,7,1149.23,1200,0,0,0,0,0,0,0,0,631,0,0,0,0,0,0,0,0,0,0,0,0,0,0,3,845.63,845.63,685.35,1878,0,0,0,0,0,0,0,0,0,0,0,3.54,18.75,16467.78,16,3,0.39,5,31.2,13,1447.62,1399.87,314.93,0.25,2.25,2.88,3592.45,0.19,0,0,1029.24,0.31,46,3,0,0,4,0.09,0,0,12,43,18,2,0,7,1954.04,1954.04,1127.82,3396,27600.2,29879.01,57479.21,1922.8,2525.51,384.77,36,3,19,5038.8,26,3.5,18.24,183598.9,148,27,0.3,99,66.9,121,2851.93,2903.2,333.75,0.41,2.92,2.86,4938.26,0.39,0,0,1240.53,0.67,423,117,0,0,60,0.14,21,0,20,71,12,4,0,10,1959.72,1959.72,1474.26,3462,306499.71,424362.87,730862.58,2313.52,4298.7,594.94,432,58,248,49394.74,369
Bumkey,8030,2.38,9.84,68487,61,6,0.33,18,29.5,55,2362.39,2342.27,238.69,0.41,1.75,2.15,4241.76,0,0.02,0,1122.74,0.3,131,4,0,0,25,0.19,2,1,5,27,13,2,0,27,1967.85,1967.85,1122.74,1946,84496.84,174250.4,258747.2,1385.19,2856.56,219.38,107,0,128,14559.92,0,2.14,16,31380.63,25,4,0.15,13,52,21,2008.05,2039.39,237.61,0.4,1.76,1.8,5999.56,0.2,0.04,0,1255.23,0.52,45,16,0,0,10,0.22,0,1,5,21,6,2,0,7,1897.56,1897.56,920.66,2682,39103.35,110885.7,149989.09,1450.41,2310.12,287.88,44,5,55,5940.17,22,1.86,18.16,746280.52,523,95,0.49,390,74.6,428,2921.77,2945.08,216.04,0.23,2.56,1.52,6210.7,0.31,0.01,0,1426.92,0.75,796,400,0,1,119,0.15,17,7,33,39,11,4,0,44,2124.14,2124.14,1477.18,3748,933024.38,2315173.16,3248197.64,2009.64,4126.4,495.92,1341,164,1056,112989.95,700
Solky,127596,2.2,7.69,118796.36,91,7,0.1,35,38.5,84,2599.14,2618.42,221.35,0.37,1.57,2.03,6188.37,0,0.02,0.02,1305.45,0.38,185,9,2,2,34,0.18,2,2,9,19,9,2,0,30,2179.46,2179.46,1557.77,3204,160786.26,402355.35,563141.61,1889.94,3840.05,240.88,143,0,327,20142.41,0,1.67,7.91,230489.37,177,14,0.09,80,45.2,163,2461.66,2485.3,207.98,0.19,1.87,1.54,5461.93,0.21,0.02,0.03,1302.2,0.45,272,75,3,6,33,0.12,9,3,3,32,8,3,0,33,2143.83,2143.83,1376.26,3068,285109.55,681651.99,966761.54,1738.14,2792.96,426.49,331,38,483,36812.21,162,1.48,12.61,470170.97,357,45,0.15,211,59.1,312,2920.03,2938.24,177.61,0.15,1.66,1.29,5094.52,0.23,0.01,0.01,1317.01,0.59,461,194,1,3,55,0.12,15,4,4,53,9,4,0,41,2184.76,2184.76,1274.22,3791,663717.83,1155023.8,1818742.1,1613.02,3605.79,346.12,592,82,976,63408.06,397
WeiX,212903,1.47,1.92,163697.14,208,4,0.08,26,12.5,204,2308.95,2348.07,173.78,0.4,0.93,1.44,2058.04,0,0.03,0.03,787.01,0.12,299,16,6,6,83,0.28,2,6,13,34,9,2,0,37,1943.58,1943.58,1303.57,2941,234117.94,193955.2,428073.14,1933.08,2703.79,517.96,194,0,233,36145.63,0,2.25,10.34,56259.44,58,6,0.33,18,31,52,2049.17,2027.2,276.1,0.47,1.09,2.02,3063.74,0.26,0.02,0,969.99,0.31,117,27,0,0,27,0.23,1,1,0,23,10,2,0,12,1919.4,1919.4,969.99,1690,90710.5,86986.39,177696.9,1563.97,1499.76,306,63,15,82,16013.83,72,2.23,17.59,608877.97,506,89,0.43,243,48,417,2920.69,2973.08,237.28,0.36,1.73,1.84,4076.28,0.36,0.02,0.02,1203.32,0.48,929,335,4,10,180,0.19,15,8,20,20,12,3,0,42,2187.52,2187.52,1333.83,3590,1028162.3,1034434.64,2062596.94,2032.88,3198.73,527.15,877,184,991,120063.7,772
KPK_Ssong,12710,8.17,40,11651.69,10,4,0.8,5,50,6,1799.1,1665.6,457.8,1,1.9,4.9,2776.59,0,0,0,1165.17,0.5,49,1,0,0,10,0.2,0,0,10,10,13,2,0,6,1890.23,1890.23,1165.17,1492,16172.42,11593.44,27765.86,1617.24,1159.34,328.26,19,0,42,4578.02,0,1.33,0,11130.79,9,0,0,4,44.4,9,1455.1,1449.41,238.03,0.22,1.67,1.33,4165.8,0.22,0,0,1236.75,0.44,12,16,0,0,2,0.17,0,0,6,7,5,2,0,4,1783.86,1783.86,1236.76,1212,17003.98,20488.21,37492.19,1889.33,2276.47,261.57,15,2,24,2142.25,8,1.66,17.13,448946.4,327,56,0.25,224,68.5,271,2893.81,2897.42,178.18,0.24,2.44,1.38,6049.49,0.36,0.01,0.04,1372.92,0.69,451,217,3,12,77,0.17,13,4,6,6,12,4,0,35,2188.1,2188.1,1372.92,2426,590463.3,1387721,1978184,1805.7,4243.79,451.33,799,117,810,58265.6,356
Autumn_KR,14350,1.1,8.28,526310.19,326,27,0.06,217,66.6,299,2956.39,2956.8,116.21,0.12,2.04,1.01,10864.22,0,0.21,0,1614.45,0.67,328,37,1,1,38,0.12,5,67,11,11,7,2,0,39,2241.19,2241.19,1315.15,3572,490422.67,3051313.61,3541736.29,1480.61,5121.55,333.96,665,0,797,37885.46,0,1.17,13.33,261796.13,180,24,0.12,111,61.7,156,2375.72,2371.96,132.26,0.13,2.34,1.02,7822.9,0.16,0.01,0.01,1454.42,0.62,183,82,1,1,24,0.13,2,2,8,21,7,3,0,27,2024.3,2024.3,1237.16,3105,301027.96,1107094.14,1408122.7,1378.62,5042.18,461.92,421,28,357,23806.55,96,1.3,9.63,185888.91,135,13,0.56,94,69.6,122,2432.56,2431.64,157.17,0.16,2.22,1.18,6861.2,0.27,0.01,0.01,1376.95,0.7,159,63,1,1,21,0.13,6,1,3,3,9,3,0,28,1988.28,1988.28,1321.4,3196,249598.31,676663.9,926262.22,1786.72,3474.72,520.69,300,37,216,21217.85,132
Nucleus,28396,3.38,11.11,17165.2,18,2,0.67,3,16.7,16,1684.4,1668.79,323.5,0.61,1.67,3,3076.59,0,0,0,953.62,0.17,54,3,0,0,11,0.2,0,0,1,1,9,8,0,11,1955.05,1955.05,953.62,1374,32676.54,22702.09,55378.63,1815.36,1261.23,178.27,30,0,30,5822.94,0,2.18,10,61962.36,50,5,0.23,22,44,45,2199.84,2178.1,262.51,0.34,1.78,1.96,4513.95,0.26,0.02,0,1239.25,0.44,98,29,0,0,17,0.17,2,1,15,39,7,2,0,12,2051.9,2051.9,1239.25,1821,97646.38,128051.3,225697.6,1952.93,2561.02,399.43,89,13,109,13125.49,67,1.94,16.24,550258.1,394,64,0.23,275,69.8,330,2891.91,2905.75,204.38,0.26,2.49,1.63,5909.84,0.32,0.01,0.01,1396.59,0.7,641,258,0,4,103,0.16,15,4,10,10,9,4,0,41,2184.52,2184.52,1396.59,2428,770005.5,1558473,2328478,1954.33,3955.52,367.96,983,127,884,80524.17,508
Tmfprl,7410,3.41,12,30863.76,25,3,0.3,10,40,22,2013.66,1999.21,343.86,0.76,1.88,3,3870.91,0,0,0,1234.55,0.4,75,7,0,0,19,0.25,0,0,0,4,9,2,0,14,2036.61,2036.61,1234.55,1664,53103.15,43669.5,96772.64,2124.13,1746.78,432.32,47,0,70,8596.56,0,3.35,16.67,31021.35,24,4,0.14,14,58.3,20,1929.26,1912.56,317.97,0.75,2.92,2.79,5005.08,0.17,0,0.04,1292.56,0.58,67,15,1,1,18,0.27,4,0,15,15,15,3,0,8,1894.73,1894.73,1099.38,2625,48180.24,71941.66,120121.92,1726.52,2494.85,310.02,70,4,76,7631.27,35,1.82,16.01,849416.1,631,101,0.24,425,67.4,530,2871.19,2874.3,198.28,0.22,1.85,1.53,5760.83,0.26,0.02,0.01,1346.14,0.67,965,408,3,9,136,0.14,23,14,26,90,9,4,0,35,2162.45,2162.45,1346.14,2401,1082457,2552627,3635085,1715.46,4045.37,805.63,1169,166,1388,125116.6,756
DogPigBear,4043,1.38,4.55,20079.97,22,1,0.25,4,18.2,21,1447.32,1488.07,155.08,0.09,0.5,1.32,2794.16,0,0.09,0,912.73,0.18,29,2,0,0,2,0.07,0,2,0,0,6,4,0,9,1946.78,1946.78,912.73,1194,29556.51,31914.95,61471.45,1343.48,1450.68,144.17,11,0,25,3411.75,0,1.09,3.03,33372.94,33,1,0.09,11,33.3,32,1504.55,1494.86,164.76,0.18,1.48,1.06,3690.08,0.18,0,0,1011.3,0.33,35,9,0,0,6,0.17,1,0,4,7,4,2,0,11,1824.77,1824.77,1011.3,1253,53881.42,67891.42,121772.8,1632.77,2057.32,1402.16,49,6,53,5437.15,30,1.09,11.59,743996.53,561,65,0.09,367,65.4,496,2903.99,2908.39,140.96,0.11,1.88,0.97,5939.93,0.17,0.01,0.02,1326.2,0.65,543,236,3,13,63,0.12,34,8,25,25,8,4,0,43,2152.96,2152.96,1563.64,3489,1107670.87,2224629.54,3332300.41,1599.84,5830.67,331.68,1054,97,883,79076.15,458
3NCORE,6985,3.94,12.71,122557.85,118,15,0.37,34,28.8,103,2388.88,2346.78,373.33,0.74,1.32,3.44,2988.29,0,0.04,0.01,1038.63,0.29,406,11,1,1,87,0.21,7,5,88,88,14,3,0,43,2028.06,2028.06,992.92,8295,223973.83,128643.99,352617.86,1890.48,1103.07,467.34,156,0,266,44053,0,3.31,7.41,92968.42,81,6,0.29,31,38.3,75,2324.34,2305.5,391.06,0.59,1.57,3.06,4558.85,0.22,0.02,0.01,1147.76,0.38,248,45,1,1,48,0.19,2,2,39,45,12,4,0,22,1956.45,1956.45,1324.98,6513,138597.18,230670.01,369267.17,2197.35,2653.79,357.64,127,18,157,31676.04,147,2.11,20.85,370163.91,259,54,0.09,191,73.7,205,2867.22,2885.13,257.83,0.24,1.62,1.67,5510.94,0.29,0,0.01,1429.2,0.74,432,233,1,2,62,0.14,12,1,9,12,9,4,0,35,2191.11,2191.11,1263.5,4416,553765.98,873568.39,1427334.67,2476.84,2136.95,590.06,420,76,500,66777.17,442
KDHkorea,23614,2.29,14.33,462064.03,328,47,0.33,153,46.6,281,2909.92,2904.91,227.63,0.4,1.19,1.96,5240.53,0,0.04,0.01,1408.73,0.47,643,40,3,3,132,0.21,6,13,22,34,10,3,0,62,2177,2177,1221.66,5121,529776.88,1189115.97,1718892.81,1332.64,3334.94,462.73,391,0,1054,74661.09,0,2.75,0,4156.52,4,0,0,1,25,4,1263.34,1211.33,400.07,0.75,0,2.75,4539.85,0,0,0,1039.13,0.25,11,0,0,0,3,0.27,1,0,7,7,7,2,0,3,1661.78,1661.78,1039.13,1032,5764.05,12395.34,18159.39,1441.01,3098.84,334.88,0,0,6,1600.27,7,1.72,5.46,170335.06,183,10,0.33,49,26.8,173,2349.36,2354.82,239.02,0.33,0.8,1.62,3007.77,0.14,0.01,0.05,930.79,0.27,297,63,2,9,61,0.21,3,2,7,14,9,4,0,55,2098.54,2098.54,1075.46,5433,246036.72,304385.05,550421.76,1953.29,854.6,415.25,147,26,281,43741.02,271
jungwook,11690,3.37,17.33,581263.4,427,74,0.38,195,45.7,353,2952,2954.87,316.32,0.55,1.62,2.78,4552.41,0,0.05,0.01,1361.27,0.46,1188,65,4,4,235,0.2,13,20,58,58,12,3,0,45,2194.85,2194.85,1361.27,2456,663485.1,1280396,1943881,1553.83,2998.58,333.03,692,0,1281,135069.2,0,3.18,8.33,80474.06,72,6,0.21,29,40.3,66,2259.3,2256,366.79,0.46,2.57,2.92,3158.08,0.31,0.01,0.01,1117.7,0.4,210,32,1,1,33,0.16,1,1,14,14,11,3,0,15,1970.65,1970.65,1117.7,1854,102261.7,125119.9,227381.6,1420.3,1737.78,255.23,185,22,195,26409.23,126,1.95,8.63,305797.47,278,24,0.39,132,47.5,254,2722.77,2725.75,250.1,0.3,1.87,1.78,3635.57,0.26,0.01,0.01,1099.99,0.47,495,152,0,4,84,0.17,9,2,29,42,8,3,0,33,2192.09,2192.09,1337.33,4338,424806.15,585880.94,1010687.19,2015.37,2582.05,796.52,520,71,513,69526.76,456
Sitton,6042,6,27.27,15639.28,11,3,0.6,5,45.5,8,1754.57,1683.06,467.94,0.45,0.55,4.36,4253.87,0,0,0,1421.75,0.45,48,4,0,0,5,0.1,1,0,4,12,10,2,0,7,1958.55,1958.55,1421.75,1444,20456.22,26336.3,46792.52,1859.66,2394.21,275.67,6,0,52,5147.38,0,4.5,17.24,34839.48,29,5,0.31,16,55.2,24,2024.07,2037.45,423.31,0.79,1.79,3.72,3185.09,0.1,0,0.03,1201.36,0.55,108,22,0,1,23,0.21,1,0,7,7,17,3,0,8,1911.46,1911.46,1201.36,1655,51427.71,40940.02,92367.73,1773.37,1411.72,357.21,52,3,97,12276.13,55,3,29.07,504452.7,344,100,0.37,268,77.9,244,2956.21,2979.83,283.58,0.31,2.39,2.13,6032.08,0.32,0.02,0.02,1466.43,0.78,732,310,4,6,107,0.15,29,7,0,0,11,4,0,38,2183.36,2183.36,1466.43,2472,704951.3,1370085,2075036,2049.28,3982.8,511.08,823,109,891,97551.31,573
PANDATV-TYF,22188,3.05,9.84,243659.1,193,19,0.25,77,39.9,174,2624.78,2580.74,328.47,0.62,1.55,2.75,4439.33,0,0.07,0.01,1262.48,0.4,531,32,2,2,119,0.22,5,14,7,7,12,3,0,22,2200.1,2200.1,1262.48,2154,340491.7,516298,856789.8,1764.21,2675.12,393.86,299,0,503,63393.84,0,3.62,17.5,146210.6,120,21,0.4,52,43.3,99,2585.88,2603.64,367.24,0.51,2.3,2.98,4161.23,0.28,0.03,0.02,1218.42,0.43,358,97,0,2,61,0.17,5,4,11,11,15,3,0,27,2122.86,2122.86,1218.42,2145,215141.3,284206.6,499347.9,1792.84,2368.39,322.22,276,33,255,44069.26,208,2.33,14.26,535915.06,477,68,0.35,222,46.5,409,2935.37,2937.29,283.25,0.3,2.09,2,3920.57,0.35,0.01,0.02,1123.51,0.47,955,407,1,9,142,0.15,27,3,16,16,19,4,0,40,2177.69,2177.69,1122.13,5032,790615.9,1079497.6,1870113.4,1750.42,2107.95,560.26,998,166,741,135111.34,856
Great_Cornholio,2260,0,0,561.04,1,0,0,0,0,1,1201.09,1200,0,0,0,0,4653.69,0,0,0,561.04,0,0,0,0,0,0,0,0,0,0,0,0,0,0,1,561.04,561.04,561.04,1001,885.32,3768.37,4653.69,885.32,3768.37,0,0,0,0,0,0,10,44.44,14176.88,9,4,0.67,8,88.9,5,1693.14,1651.22,549.37,0.78,2,5.56,6766.94,0.67,0,0,1575.21,0.89,50,9,0,0,7,0.14,2,0,18,25,12,2,0,4,1939,1939,1693.35,2532,19396.86,41505.55,60902.42,2297.14,4338.86,588.71,18,6,20,4944.34,23,6.79,51.33,509901.7,300,154,0.35,275,91.7,146,2867.53,2866,399.91,0.55,3.63,3.31,6673.37,0.25,0.02,0,1699.67,0.92,992,408,0,0,165,0.17,18,6,65,78,14,5,0,43,2193.36,2193.36,1116.82,6145,721363.67,1280647.63,2002011.9,1848.11,1898.83,730.65,1088,74,573,119974.01,754
Cafri,9346,3.1,16.67,17552.9,12,2,0.4,5,41.7,10,1676.56,1703.56,276.31,0.67,1.17,2.58,4734.88,0,0,0,1462.74,0.42,31,1,0,0,8,0.26,0,0,2,2,8,2,0,7,1941.85,1941.85,1462.74,1393,21252.67,35565.93,56818.6,1771.06,2963.83,116.51,14,0,29,3315.75,0,1.53,6.9,139281.9,116,8,0.18,44,37.9,108,2305.8,2331.37,177.91,0.19,1.63,1.42,5167.25,0.13,0.03,0,1200.71,0.38,165,46,0,0,22,0.13,4,4,3,3,10,2,0,30,1968.84,1968.84,1200.71,1917,177767.6,421633,599400.5,1532.48,3634.77,305.69,189,15,187,20637.48,107,1.21,11.31,1027293,778,88,0.17,524,67.4,690,2872.33,2884.64,158.4,0.15,2.18,1.07,6063.59,0.21,0.02,0.01,1320.43,0.67,832,367,2,7,118,0.14,27,12,13,13,8,4,0,47,2181.17,2181.17,1320.43,2418,1256741,3460731,4717473,1615.35,4448.24,370.99,1696,167,1268,123238.7,752
